data,categoria,unidades,preco_medio,receita
2022-01-01,Beleza,236,97.27,22955.72
2022-01-01,Casa & Jardim,93,271.35,25235.55
2022-01-01,Eletrônicos,161,881.55,141929.55
2022-01-01,Esportes,63,344.94,21731.22
2022-01-01,Moda,220,184.2,40524.0
2022-01-02,Beleza,185,96.92,17930.2
2022-01-02,Casa & Jardim,102,249.06,25404.12
2022-01-02,Eletrônicos,147,863.42,126922.74
2022-01-02,Esportes,70,323.13,22619.1
2022-01-02,Moda,248,190.41,47221.68
2022-01-03,Beleza,138,88.54,12218.52
2022-01-03,Casa & Jardim,79,277.85,21950.15
2022-01-03,Eletrônicos,108,789.9,85309.2
2022-01-03,Esportes,47,299.25,14064.75
2022-01-03,Moda,155,189.98,29446.9
2022-01-04,Beleza,122,91.35,11144.7
2022-01-04,Casa & Jardim,88,255.31,22467.28
2022-01-04,Eletrônicos,104,899.8,93579.2
2022-01-04,Esportes,60,344.36,20661.6
2022-01-04,Moda,158,187.35,29601.3
2022-01-05,Beleza,132,93.25,12309.0
2022-01-05,Casa & Jardim,75,271.45,20358.75
2022-01-05,Eletrônicos,138,784.8,108302.4
2022-01-05,Esportes,51,327.67,16711.17
2022-01-05,Moda,177,178.86,31658.22
2022-01-06,Beleza,146,100.09,14613.14
2022-01-06,Casa & Jardim,90,248.95,22405.5
2022-01-06,Eletrônicos,129,913.91,117894.39
2022-01-06,Esportes,46,295.66,13600.36
2022-01-06,Moda,187,187.96,35148.52
2022-01-07,Beleza,174,98.2,17086.8
2022-01-07,Casa & Jardim,85,279.2,23732.0
2022-01-07,Eletrônicos,125,806.73,100841.25
2022-01-07,Esportes,65,308.64,20061.6
2022-01-07,Moda,218,184.5,40221.0
2022-01-08,Beleza,351,91.58,32144.58
2022-01-08,Casa & Jardim,180,266.98,48056.4
2022-01-08,Eletrônicos,295,806.94,238047.3
2022-01-08,Esportes,157,297.55,46715.35
2022-01-08,Moda,424,193.96,82239.04
2022-01-09,Beleza,311,97.11,30201.21
2022-01-09,Casa & Jardim,176,264.64,46576.64
2022-01-09,Eletrônicos,280,840.74,235407.2
2022-01-09,Esportes,115,297.76,34242.4
2022-01-09,Moda,349,192.6,67217.4
2022-01-10,Beleza,222,101.55,22544.1
2022-01-10,Casa & Jardim,136,267.43,36370.48
2022-01-10,Eletrônicos,161,821.61,132279.21
2022-01-10,Esportes,108,329.76,35614.08
2022-01-10,Moda,319,189.15,60338.85
2022-01-11,Beleza,213,87.77,18695.01
2022-01-11,Casa & Jardim,142,278.6,39561.2
2022-01-11,Eletrônicos,173,821.73,142159.29
2022-01-11,Esportes,75,313.02,23476.5
2022-01-11,Moda,271,171.75,46544.25
2022-01-12,Beleza,288,100.11,28831.68
2022-01-12,Casa & Jardim,129,276.01,35605.29
2022-01-12,Eletrônicos,216,831.83,179675.28
2022-01-12,Esportes,119,305.5,36354.5
2022-01-12,Moda,361,186.7,67398.7
2022-01-13,Beleza,293,102.21,29947.53
2022-01-13,Casa & Jardim,126,250.92,31615.92
2022-01-13,Eletrônicos,256,809.16,207144.96
2022-01-13,Esportes,108,316.12,34140.96
2022-01-13,Moda,322,181.22,58352.84
2022-01-14,Beleza,314,97.24,30533.36
2022-01-14,Casa & Jardim,178,279.28,49711.84
2022-01-14,Eletrônicos,236,851.94,201057.84
2022-01-14,Esportes,101,317.27,32044.27
2022-01-14,Moda,374,174.17,65139.58
2022-01-15,Beleza,385,89.35,34399.75
2022-01-15,Casa & Jardim,202,280.39,56638.78
2022-01-15,Eletrônicos,260,864.63,224803.8
2022-01-15,Esportes,146,319.25,46610.5
2022-01-15,Moda,567,181.87,103120.29
2022-01-16,Beleza,328,88.01,28867.28
2022-01-16,Casa & Jardim,213,252.17,53712.21
2022-01-16,Eletrônicos,276,805.19,222232.44
2022-01-16,Esportes,123,322.22,39633.06
2022-01-16,Moda,447,183.93,82216.71
2022-01-17,Beleza,275,92.91,25550.25
2022-01-17,Casa & Jardim,124,257.62,31944.88
2022-01-17,Eletrônicos,189,875.06,165386.34
2022-01-17,Esportes,88,298.8,26294.4
2022-01-17,Moda,318,187.52,59631.36
2022-01-18,Beleza,256,94.38,24161.28
2022-01-18,Casa & Jardim,125,250.06,31257.5
2022-01-18,Eletrônicos,190,841.86,159953.4
2022-01-18,Esportes,88,330.96,29124.48
2022-01-18,Moda,289,165.87,47936.43
2022-01-19,Beleza,282,88.24,24883.68
2022-01-19,Casa & Jardim,153,278.12,42552.36
2022-01-19,Eletrônicos,208,786.68,163629.44
2022-01-19,Esportes,108,314.39,33954.12
2022-01-19,Moda,269,172.7,46456.3
2022-01-20,Beleza,231,101.51,23448.81
2022-01-20,Casa & Jardim,133,246.93,32841.69
2022-01-20,Eletrônicos,189,905.67,171171.63
2022-01-20,Esportes,92,315.69,29043.48
2022-01-20,Moda,314,188.64,59232.96
2022-01-21,Beleza,220,97.14,21370.8
2022-01-21,Casa & Jardim,172,241.77,41584.44
2022-01-21,Eletrônicos,268,824.39,220936.52
2022-01-21,Esportes,90,299.55,26959.5
2022-01-21,Moda,328,171.48,56245.44
2022-01-22,Beleza,350,88.4,30940.0
2022-01-22,Casa & Jardim,178,243.04,43261.12
2022-01-22,Eletrônicos,240,852.73,204655.2
2022-01-22,Esportes,126,310.25,39091.5
2022-01-22,Moda,507,183.34,92953.38
2022-01-23,Beleza,264,102.18,26975.52
2022-01-23,Casa & Jardim,186,245.46,45655.56
2022-01-23,Eletrônicos,233,913.86,212929.38
2022-01-23,Esportes,153,309.05,47284.65
2022-01-23,Moda,428,171.02,73196.56
2022-01-24,Beleza,239,92.8,22179.2
2022-01-24,Casa & Jardim,116,279.47,32418.52
2022-01-24,Eletrônicos,209,887.42,185470.78
2022-01-24,Esportes,114,317.96,36247.44
2022-01-24,Moda,351,181.56,63727.56
2022-01-25,Beleza,184,97.77,17989.68
2022-01-25,Casa & Jardim,130,249.46,32429.8
2022-01-25,Eletrônicos,215,794.03,170716.45
2022-01-25,Esportes,89,295.58,26306.62
2022-01-25,Moda,273,165.75,45249.75
2022-01-26,Beleza,296,91.48,27078.08
2022-01-26,Casa & Jardim,95,258.79,24585.05
2022-01-26,Eletrônicos,213,808.65,172242.45
2022-01-26,Esportes,93,340.31,31648.83
2022-01-26,Moda,283,193.19,54672.77
2022-01-27,Beleza,295,92.2,27199.0
2022-01-27,Casa & Jardim,163,270.56,44101.28
2022-01-27,Eletrônicos,212,834.86,176990.32
2022-01-27,Esportes,96,308.72,29637.12
2022-01-27,Moda,348,176.2,61317.6
2022-01-28,Beleza,310,88.0,27280.0
2022-01-28,Casa & Jardim,175,263.24,46067.0
2022-01-28,Eletrônicos,235,818.9,192441.5
2022-01-28,Esportes,108,300.92,32499.36
2022-01-28,Moda,327,174.4,57028.8
2022-01-29,Beleza,307,96.48,29619.36
2022-01-29,Casa & Jardim,162,255.94,41462.28
2022-01-29,Eletrônicos,263,820.21,215715.23
2022-01-29,Esportes,124,301.27,37357.48
2022-01-29,Moda,394,190.85,75194.9
2022-01-30,Beleza,270,88.57,23913.9
2022-01-30,Casa & Jardim,221,276.0,60996.0
2022-01-30,Eletrônicos,311,855.81,266156.91
2022-01-30,Esportes,135,327.41,44200.35
2022-01-30,Moda,503,191.12,96133.36
2022-01-31,Beleza,191,97.6,18641.6
2022-01-31,Casa & Jardim,153,250.5,38326.5
2022-01-31,Eletrônicos,212,792.14,167933.68
2022-01-31,Esportes,115,322.94,37138.1
2022-01-31,Moda,290,182.68,52977.2
2022-02-01,Beleza,128,93.8,12006.4
2022-02-01,Casa & Jardim,64,247.13,15816.32
2022-02-01,Eletrônicos,106,916.22,97119.32
2022-02-01,Esportes,48,307.51,14760.48
2022-02-01,Moda,140,185.63,25988.2
2022-02-02,Beleza,157,100.15,15723.55
2022-02-02,Casa & Jardim,72,257.09,18510.48
2022-02-02,Eletrônicos,109,782.75,85319.75
2022-02-02,Esportes,51,321.86,16414.86
2022-02-02,Moda,143,165.69,23693.67
2022-02-03,Beleza,143,95.77,13695.11
2022-02-03,Casa & Jardim,70,273.77,19163.9
2022-02-03,Eletrônicos,131,892.9,116969.9
2022-02-03,Esportes,61,316.78,19323.58
2022-02-03,Moda,152,188.47,28647.44
2022-02-04,Beleza,179,90.33,16169.07
2022-02-04,Casa & Jardim,94,261.31,24563.14
2022-02-04,Eletrônicos,156,886.89,138354.84
2022-02-04,Esportes,72,339.01,24408.72
2022-02-04,Moda,240,168.28,40387.2
2022-02-05,Beleza,206,88.14,18156.84
2022-02-05,Casa & Jardim,96,251.18,24113.28
2022-02-05,Eletrônicos,177,792.07,140196.39
2022-02-05,Esportes,63,345.54,21769.02
2022-02-05,Moda,220,184.1,40502.0
2022-02-06,Beleza,206,100.22,20645.32
2022-02-06,Casa & Jardim,80,264.0,21120.0
2022-02-06,Eletrônicos,140,899.38,125913.2
2022-02-06,Esportes,62,305.93,18967.66
2022-02-06,Moda,315,167.47,52753.05
2022-02-07,Beleza,112,95.71,10719.52
2022-02-07,Casa & Jardim,75,257.25,19293.75
2022-02-07,Eletrônicos,111,866.77,96211.47
2022-02-07,Esportes,68,307.56,20914.08
2022-02-07,Moda,208,181.75,37804.0
2022-02-08,Beleza,208,88.79,18468.32
2022-02-08,Casa & Jardim,136,253.51,34477.36
2022-02-08,Eletrônicos,176,824.29,145075.04
2022-02-08,Esportes,68,341.19,23200.92
2022-02-08,Moda,354,182.98,64774.92
2022-02-09,Beleza,256,90.24,23101.44
2022-02-09,Casa & Jardim,131,269.69,35329.39
2022-02-09,Eletrônicos,193,826.22,159460.46
2022-02-09,Esportes,91,313.26,28506.66
2022-02-09,Moda,333,173.37,57732.21
2022-02-10,Beleza,299,90.26,26987.74
2022-02-10,Casa & Jardim,142,273.35,38815.7
2022-02-10,Eletrônicos,225,902.66,203098.5
2022-02-10,Esportes,83,337.23,27990.09
2022-02-10,Moda,327,189.36,61920.72
2022-02-11,Beleza,324,87.67,28405.08
2022-02-11,Casa & Jardim,154,262.77,40466.58
2022-02-11,Eletrônicos,272,846.22,230171.84
2022-02-11,Esportes,92,327.72,30150.24
2022-02-11,Moda,311,167.29,52027.19
2022-02-12,Beleza,335,88.14,29526.9
2022-02-12,Casa & Jardim,188,255.82,48094.16
2022-02-12,Eletrônicos,276,885.47,244389.72
2022-02-12,Esportes,105,336.28,35309.4
2022-02-12,Moda,393,175.23,68865.39
2022-02-13,Beleza,370,92.37,34176.9
2022-02-13,Casa & Jardim,175,252.79,44238.25
2022-02-13,Eletrônicos,240,858.33,205999.2
2022-02-13,Esportes,142,296.36,42083.12
2022-02-13,Moda,420,188.31,79090.2
2022-02-14,Beleza,245,92.71,22713.95
2022-02-14,Casa & Jardim,124,263.2,32636.8
2022-02-14,Eletrônicos,193,853.09,164646.37
2022-02-14,Esportes,93,314.79,29275.47
2022-02-14,Moda,323,180.5,58301.5
2022-02-15,Beleza,190,87.8,16682.0
2022-02-15,Casa & Jardim,123,258.5,31795.5
2022-02-15,Eletrônicos,226,840.15,189873.9
2022-02-15,Esportes,103,319.85,32944.55
2022-02-15,Moda,243,175.05,42537.15
2022-02-16,Beleza,263,98.58,25926.54
2022-02-16,Casa & Jardim,155,240.55,37285.25
2022-02-16,Eletrônicos,200,824.75,164950.0
2022-02-16,Esportes,94,311.96,29324.24
2022-02-16,Moda,288,178.1,51292.8
2022-02-17,Beleza,289,98.67,28515.63
2022-02-17,Casa & Jardim,144,266.6,38390.4
2022-02-17,Eletrônicos,197,851.17,167680.49
2022-02-17,Esportes,112,301.48,33765.76
2022-02-17,Moda,301,182.83,55031.83
2022-02-18,Beleza,354,97.66,34571.64
2022-02-18,Casa & Jardim,135,246.38,33261.3
2022-02-18,Eletrônicos,225,837.81,188507.25
2022-02-18,Esportes,109,315.07,34342.63
2022-02-18,Moda,339,186.79,63321.81
2022-02-19,Beleza,302,89.32,26974.64
2022-02-19,Casa & Jardim,174,262.83,45732.42
2022-02-19,Eletrônicos,276,884.75,244191.0
2022-02-19,Esportes,90,329.15,29623.5
2022-02-19,Moda,348,183.92,64004.16
2022-02-20,Beleza,277,89.37,24755.49
2022-02-20,Casa & Jardim,177,273.26,48367.02
2022-02-20,Eletrônicos,236,908.44,214391.84
2022-02-20,Esportes,133,325.08,43235.64
2022-02-20,Moda,483,188.23,90915.09
2022-02-21,Beleza,263,102.03,26833.89
2022-02-21,Casa & Jardim,124,280.12,34734.88
2022-02-21,Eletrônicos,183,891.9,163217.7
2022-02-21,Esportes,92,335.74,30888.08
2022-02-21,Moda,280,189.79,53141.2
2022-02-22,Beleza,241,96.95,23364.95
2022-02-22,Casa & Jardim,97,241.29,23405.13
2022-02-22,Eletrônicos,209,891.3,186281.7
2022-02-22,Esportes,88,311.65,27425.2
2022-02-22,Moda,248,176.65,43809.2
2022-02-23,Beleza,253,96.8,24490.4
2022-02-23,Casa & Jardim,117,241.4,28243.8
2022-02-23,Eletrônicos,206,807.37,166318.22
2022-02-23,Esportes,86,323.56,27826.16
2022-02-23,Moda,370,170.91,63236.7
2022-02-24,Beleza,293,99.28,29089.04
2022-02-24,Casa & Jardim,127,248.62,31574.74
2022-02-24,Eletrônicos,208,891.81,185496.48
2022-02-24,Esportes,107,322.2,34475.4
2022-02-24,Moda,367,176.03,64603.01
2022-02-25,Beleza,314,88.25,27710.5
2022-02-25,Casa & Jardim,190,264.74,50300.6
2022-02-25,Eletrônicos,260,903.87,235006.2
2022-02-25,Esportes,98,337.04,33029.92
2022-02-25,Moda,350,174.2,60970.0
2022-02-26,Beleza,346,98.76,34170.96
2022-02-26,Casa & Jardim,183,254.14,46507.62
2022-02-26,Eletrônicos,244,813.0,198372.0
2022-02-26,Esportes,138,315.65,43559.7
2022-02-26,Moda,318,192.69,61275.42
2022-02-27,Beleza,302,97.13,29333.26
2022-02-27,Casa & Jardim,141,273.46,38557.86
2022-02-27,Eletrônicos,251,840.09,210862.59
2022-02-27,Esportes,127,311.14,39514.78
2022-02-27,Moda,366,190.73,69807.18
2022-02-28,Beleza,261,92.18,24058.98
2022-02-28,Casa & Jardim,125,253.79,31723.75
2022-02-28,Eletrônicos,201,782.95,157372.95
2022-02-28,Esportes,101,337.25,34062.25
2022-02-28,Moda,238,189.85,45184.3
2022-03-01,Beleza,249,98.23,24459.27
2022-03-01,Casa & Jardim,179,254.28,45516.12
2022-03-01,Eletrônicos,242,851.46,206053.32
2022-03-01,Esportes,115,345.37,39717.55
2022-03-01,Moda,371,178.8,66334.8
2022-03-02,Beleza,316,90.07,28462.12
2022-03-02,Casa & Jardim,151,247.9,37432.9
2022-03-02,Eletrônicos,210,798.3,167643.0
2022-03-02,Esportes,138,309.0,42642.0
2022-03-02,Moda,346,179.51,62110.46
2022-03-03,Beleza,314,101.31,31811.34
2022-03-03,Casa & Jardim,190,242.72,46116.8
2022-03-03,Eletrônicos,244,827.92,202012.48
2022-03-03,Esportes,130,306.65,39864.5
2022-03-03,Moda,380,178.18,67708.4
2022-03-04,Beleza,294,90.62,26642.28
2022-03-04,Casa & Jardim,158,274.18,43320.44
2022-03-04,Eletrônicos,285,852.56,242979.6
2022-03-04,Esportes,141,323.09,45555.69
2022-03-04,Moda,533,186.61,99463.13
2022-03-05,Beleza,428,95.01,40664.28
2022-03-05,Casa & Jardim,154,248.4,38253.6
2022-03-05,Eletrônicos,349,877.61,306285.89
2022-03-05,Esportes,121,331.71,40136.91
2022-03-05,Moda,458,183.17,83891.86
2022-03-06,Beleza,374,101.26,37871.24
2022-03-06,Casa & Jardim,246,273.46,67271.16
2022-03-06,Eletrônicos,337,912.89,307643.93
2022-03-06,Esportes,182,324.37,59035.34
2022-03-06,Moda,512,169.5,86784.0
2022-03-07,Beleza,313,90.94,28464.22
2022-03-07,Casa & Jardim,150,255.2,38280.0
2022-03-07,Eletrônicos,241,816.24,196713.84
2022-03-07,Esportes,97,322.44,31276.68
2022-03-07,Moda,396,193.15,76487.4
2022-03-08,Beleza,257,89.78,23073.46
2022-03-08,Casa & Jardim,122,277.99,33914.78
2022-03-08,Eletrônicos,187,820.74,153478.38
2022-03-08,Esportes,96,298.73,28678.08
2022-03-08,Moda,404,167.59,67706.36
2022-03-09,Beleza,339,98.87,33516.93
2022-03-09,Casa & Jardim,155,244.14,37841.7
2022-03-09,Eletrônicos,248,787.02,195180.96
2022-03-09,Esportes,131,300.51,39366.81
2022-03-09,Moda,365,173.14,63196.1
2022-03-10,Beleza,387,92.1,35642.7
2022-03-10,Casa & Jardim,172,261.31,44945.32
2022-03-10,Eletrônicos,259,789.0,204351.0
2022-03-10,Esportes,124,337.43,41841.32
2022-03-10,Moda,372,172.71,64248.12
2022-03-11,Beleza,275,102.36,28149.0
2022-03-11,Casa & Jardim,200,240.56,48112.0
2022-03-11,Eletrônicos,391,819.9,320580.9
2022-03-11,Esportes,116,330.31,38315.96
2022-03-11,Moda,419,173.43,72667.17
2022-03-12,Beleza,354,91.84,32511.36
2022-03-12,Casa & Jardim,161,245.91,39591.51
2022-03-12,Eletrônicos,325,801.71,260555.75
2022-03-12,Esportes,149,315.12,46952.88
2022-03-12,Moda,515,187.47,96547.05
2022-03-13,Beleza,358,95.98,34360.84
2022-03-13,Casa & Jardim,197,266.51,52502.47
2022-03-13,Eletrônicos,339,848.57,287665.23
2022-03-13,Esportes,181,314.56,56935.36
2022-03-13,Moda,579,167.48,96970.92
2022-03-14,Beleza,255,91.24,23266.2
2022-03-14,Casa & Jardim,160,268.93,43028.8
2022-03-14,Eletrônicos,280,814.32,228009.6
2022-03-14,Esportes,119,302.94,36049.86
2022-03-14,Moda,350,179.64,62874.0
2022-03-15,Beleza,282,101.02,28487.64
2022-03-15,Casa & Jardim,162,242.05,39212.1
2022-03-15,Eletrônicos,258,881.04,227308.32
2022-03-15,Esportes,113,296.79,33537.27
2022-03-15,Moda,261,175.6,45831.6
2022-03-16,Beleza,321,88.97,28559.37
2022-03-16,Casa & Jardim,145,264.69,38380.05
2022-03-16,Eletrônicos,296,868.16,256975.36
2022-03-16,Esportes,110,336.88,37056.8
2022-03-16,Moda,411,191.52,78714.72
2022-03-17,Beleza,344,89.96,30946.24
2022-03-17,Casa & Jardim,164,278.24,45631.36
2022-03-17,Eletrônicos,218,854.87,186361.66
2022-03-17,Esportes,137,330.44,45270.28
2022-03-17,Moda,385,192.58,74143.3
2022-03-18,Beleza,370,102.12,37784.4
2022-03-18,Casa & Jardim,177,253.95,44949.15
2022-03-18,Eletrônicos,259,787.55,203975.45
2022-03-18,Esportes,138,328.29,45304.02
2022-03-18,Moda,459,167.11,76703.49
2022-03-19,Beleza,443,97.69,43276.67
2022-03-19,Casa & Jardim,223,262.11,58450.53
2022-03-19,Eletrônicos,312,862.36,269056.32
2022-03-19,Esportes,172,318.2,54730.4
2022-03-19,Moda,409,186.65,76339.85
2022-03-20,Beleza,400,91.98,36792.0
2022-03-20,Casa & Jardim,245,273.09,66907.05
2022-03-20,Eletrônicos,272,869.74,236569.28
2022-03-20,Esportes,143,304.06,43480.58
2022-03-20,Moda,455,193.86,88206.3
2022-03-21,Beleza,280,88.81,24866.8
2022-03-21,Casa & Jardim,153,264.65,40491.45
2022-03-21,Eletrônicos,247,805.71,199010.37
2022-03-21,Esportes,151,320.4,48380.4
2022-03-21,Moda,398,171.31,68181.38
2022-03-22,Beleza,259,89.59,23203.81
2022-03-22,Casa & Jardim,130,243.6,31668.0
2022-03-22,Eletrônicos,212,909.4,192792.8
2022-03-22,Esportes,134,332.06,44496.04
2022-03-22,Moda,300,181.88,54564.0
2022-03-23,Beleza,301,99.49,29946.49
2022-03-23,Casa & Jardim,149,253.96,37840.04
2022-03-23,Eletrônicos,302,800.7,241811.4
2022-03-23,Esportes,122,328.39,40063.58
2022-03-23,Moda,391,183.13,71603.83
2022-03-24,Beleza,285,89.55,25521.75
2022-03-24,Casa & Jardim,207,266.58,55182.06
2022-03-24,Eletrônicos,235,907.76,213323.6
2022-03-24,Esportes,129,320.02,41282.58
2022-03-24,Moda,380,175.67,66754.6
2022-03-25,Beleza,374,90.4,33809.6
2022-03-25,Casa & Jardim,171,242.12,41402.52
2022-03-25,Eletrônicos,281,901.32,253270.92
2022-03-25,Esportes,130,340.18,44223.4
2022-03-25,Moda,395,190.1,75089.5
2022-03-26,Beleza,369,88.88,32796.72
2022-03-26,Casa & Jardim,188,245.72,46195.36
2022-03-26,Eletrônicos,368,893.14,328675.52
2022-03-26,Esportes,174,301.98,52544.52
2022-03-26,Moda,447,181.76,81246.72
2022-03-27,Beleza,381,97.37,37097.97
2022-03-27,Casa & Jardim,204,273.62,55818.48
2022-03-27,Eletrônicos,283,857.51,242675.33
2022-03-27,Esportes,122,332.61,40578.42
2022-03-27,Moda,429,190.37,81668.73
2022-03-28,Beleza,343,95.57,32780.51
2022-03-28,Casa & Jardim,158,246.2,38899.6
2022-03-28,Eletrônicos,202,794.66,160521.32
2022-03-28,Esportes,143,341.33,48810.19
2022-03-28,Moda,364,186.42,67856.88
2022-03-29,Beleza,335,96.96,32481.6
2022-03-29,Casa & Jardim,144,275.78,39712.32
2022-03-29,Eletrônicos,242,904.02,218772.84
2022-03-29,Esportes,122,330.52,40323.44
2022-03-29,Moda,357,181.25,64706.25
2022-03-30,Beleza,354,91.44,32369.76
2022-03-30,Casa & Jardim,136,260.1,35373.6
2022-03-30,Eletrônicos,259,828.11,214480.49
2022-03-30,Esportes,107,294.47,31508.29
2022-03-30,Moda,354,167.95,59454.3
2022-03-31,Beleza,317,100.94,31997.98
2022-03-31,Casa & Jardim,175,269.63,47185.25
2022-03-31,Eletrônicos,285,829.49,236404.65
2022-03-31,Esportes,151,300.55,45383.05
2022-03-31,Moda,336,170.37,57244.32
2022-04-01,Beleza,357,96.06,34293.42
2022-04-01,Casa & Jardim,207,265.4,54937.8
2022-04-01,Eletrônicos,330,902.64,297871.2
2022-04-01,Esportes,189,315.77,59680.53
2022-04-01,Moda,322,192.84,62094.48
2022-04-02,Beleza,463,97.65,45211.95
2022-04-02,Casa & Jardim,250,255.97,63992.5
2022-04-02,Eletrônicos,367,888.06,325918.02
2022-04-02,Esportes,178,331.81,59062.18
2022-04-02,Moda,551,178.91,98579.41
2022-04-03,Beleza,386,102.3,39487.8
2022-04-03,Casa & Jardim,232,267.38,62032.16
2022-04-03,Eletrônicos,321,803.98,258077.58
2022-04-03,Esportes,152,304.23,46242.96
2022-04-03,Moda,573,177.46,101684.58
2022-04-04,Beleza,350,89.03,31160.5
2022-04-04,Casa & Jardim,206,257.02,52946.12
2022-04-04,Eletrônicos,267,904.2,241421.4
2022-04-04,Esportes,125,337.41,42176.25
2022-04-04,Moda,413,167.39,69132.07
2022-04-05,Beleza,286,99.27,28391.22
2022-04-05,Casa & Jardim,179,245.29,43906.91
2022-04-05,Eletrônicos,260,782.69,203499.4
2022-04-05,Esportes,128,300.42,38453.76
2022-04-05,Moda,474,180.36,85490.64
2022-04-06,Beleza,319,96.99,30939.81
2022-04-06,Casa & Jardim,185,273.85,50662.25
2022-04-06,Eletrônicos,244,803.87,196144.28
2022-04-06,Esportes,132,345.1,45553.2
2022-04-06,Moda,383,167.1,63999.3
2022-04-07,Beleza,371,93.94,34851.74
2022-04-07,Casa & Jardim,206,257.14,52970.84
2022-04-07,Eletrônicos,344,870.67,299510.48
2022-04-07,Esportes,117,324.11,37920.87
2022-04-07,Moda,478,188.24,89978.72
2022-04-08,Beleza,307,98.98,30386.86
2022-04-08,Casa & Jardim,205,254.97,52268.85
2022-04-08,Eletrônicos,329,812.5,267312.5
2022-04-08,Esportes,158,340.69,53829.02
2022-04-08,Moda,423,170.34,72053.82
2022-04-09,Beleza,407,101.63,41363.41
2022-04-09,Casa & Jardim,226,274.32,61996.32
2022-04-09,Eletrônicos,316,826.25,261095.0
2022-04-09,Esportes,195,304.02,59283.9
2022-04-09,Moda,475,175.11,83177.25
2022-04-10,Beleza,450,91.24,41058.0
2022-04-10,Casa & Jardim,236,259.34,61204.24
2022-04-10,Eletrônicos,384,883.52,339271.68
2022-04-10,Esportes,145,326.39,47326.55
2022-04-10,Moda,522,171.5,89523.0
2022-04-11,Beleza,344,88.42,30416.48
2022-04-11,Casa & Jardim,134,263.04,35247.36
2022-04-11,Eletrônicos,293,871.44,255331.92
2022-04-11,Esportes,109,310.43,33836.87
2022-04-11,Moda,466,190.88,88950.08
2022-04-12,Beleza,326,97.02,31628.52
2022-04-12,Casa & Jardim,166,252.73,41953.18
2022-04-12,Eletrônicos,265,859.29,227711.85
2022-04-12,Esportes,112,303.56,33998.72
2022-04-12,Moda,358,193.97,69441.26
2022-04-13,Beleza,319,98.36,31376.84
2022-04-13,Casa & Jardim,171,269.5,46084.5
2022-04-13,Eletrônicos,259,818.07,211880.13
2022-04-13,Esportes,124,306.96,38063.04
2022-04-13,Moda,325,187.83,61044.75
2022-04-14,Beleza,377,87.83,33111.91
2022-04-14,Casa & Jardim,188,253.59,47674.92
2022-04-14,Eletrônicos,252,815.18,205425.36
2022-04-14,Esportes,146,317.36,46334.56
2022-04-14,Moda,451,181.11,81680.61
2022-04-15,Beleza,341,93.1,31747.1
2022-04-15,Casa & Jardim,229,278.59,63797.11
2022-04-15,Eletrônicos,308,903.32,278222.56
2022-04-15,Esportes,171,344.13,58846.23
2022-04-15,Moda,454,179.94,81692.76
2022-04-16,Beleza,388,99.91,38765.08
2022-04-16,Casa & Jardim,248,255.85,63450.8
2022-04-16,Eletrônicos,371,867.83,321964.93
2022-04-16,Esportes,154,316.83,48791.82
2022-04-16,Moda,542,189.28,102589.76
2022-04-17,Beleza,450,90.97,40936.5
2022-04-17,Casa & Jardim,209,280.4,58603.6
2022-04-17,Eletrônicos,351,860.46,302021.46
2022-04-17,Esportes,172,302.45,52021.4
2022-04-17,Moda,470,176.56,82983.2
2022-04-18,Beleza,283,96.46,27298.18
2022-04-18,Casa & Jardim,188,240.27,45170.76
2022-04-18,Eletrônicos,311,848.98,264032.78
2022-04-18,Esportes,142,329.76,46825.92
2022-04-18,Moda,389,173.87,67635.43
2022-04-19,Beleza,382,89.03,34009.46
2022-04-19,Casa & Jardim,200,267.82,53564.0
2022-04-19,Eletrônicos,272,820.19,223091.68
2022-04-19,Esportes,157,339.95,53372.15
2022-04-19,Moda,312,188.43,58790.16
2022-04-20,Beleza,362,102.59,37137.58
2022-04-20,Casa & Jardim,197,244.21,48109.37
2022-04-20,Eletrônicos,241,785.31,189259.71
2022-04-20,Esportes,131,316.95,41520.45
2022-04-20,Moda,492,188.58,92781.36
2022-04-21,Beleza,318,90.61,28813.98
2022-04-21,Casa & Jardim,153,251.98,38552.94
2022-04-21,Eletrônicos,243,909.9,221105.7
2022-04-21,Esportes,136,319.42,43441.12
2022-04-21,Moda,462,177.0,81774.0
2022-04-22,Beleza,426,102.07,43481.82
2022-04-22,Casa & Jardim,217,261.93,56838.81
2022-04-22,Eletrônicos,331,911.73,301782.63
2022-04-22,Esportes,157,325.28,51068.96
2022-04-22,Moda,462,170.15,78609.3
2022-04-23,Beleza,379,101.32,38400.28
2022-04-23,Casa & Jardim,201,246.31,49508.31
2022-04-23,Eletrônicos,347,784.1,272082.7
2022-04-23,Esportes,164,311.12,51023.68
2022-04-23,Moda,580,185.64,107671.2
2022-04-24,Beleza,515,89.46,46071.9
2022-04-24,Casa & Jardim,220,256.59,56449.8
2022-04-24,Eletrônicos,382,908.25,346951.5
2022-04-24,Esportes,170,326.31,55472.7
2022-04-24,Moda,477,190.29,90768.33
2022-04-25,Beleza,323,102.26,33029.98
2022-04-25,Casa & Jardim,178,242.7,43200.6
2022-04-25,Eletrônicos,277,913.05,252914.85
2022-04-25,Esportes,99,316.84,31367.16
2022-04-25,Moda,435,191.7,83389.5
2022-04-26,Beleza,290,91.53,26543.7
2022-04-26,Casa & Jardim,169,255.55,43187.95
2022-04-26,Eletrônicos,251,898.01,225400.51
2022-04-26,Esportes,113,307.85,34787.05
2022-04-26,Moda,356,170.91,60843.96
2022-04-27,Beleza,318,99.8,31736.4
2022-04-27,Casa & Jardim,197,245.98,48458.06
2022-04-27,Eletrônicos,242,897.75,217255.5
2022-04-27,Esportes,136,320.75,43622.0
2022-04-27,Moda,374,191.35,71564.9
2022-04-28,Beleza,312,92.6,28891.2
2022-04-28,Casa & Jardim,219,248.93,54515.67
2022-04-28,Eletrônicos,231,825.1,190598.1
2022-04-28,Esportes,119,304.65,36253.35
2022-04-28,Moda,362,178.28,64537.36
2022-04-29,Beleza,375,102.32,38370.0
2022-04-29,Casa & Jardim,215,277.74,59714.1
2022-04-29,Eletrônicos,321,909.32,291891.72
2022-04-29,Esportes,166,298.1,49484.6
2022-04-29,Moda,482,183.32,88360.24
2022-04-30,Beleza,383,89.93,34443.19
2022-04-30,Casa & Jardim,222,256.66,56978.52
2022-04-30,Eletrônicos,308,876.66,270011.28
2022-04-30,Esportes,139,301.95,41971.05
2022-04-30,Moda,526,193.45,101754.7
2022-05-01,Beleza,630,102.39,64505.7
2022-05-01,Casa & Jardim,211,240.39,50722.29
2022-05-01,Eletrônicos,369,865.64,319421.16
2022-05-01,Esportes,216,331.08,71513.28
2022-05-01,Moda,713,177.63,126650.19
2022-05-02,Beleza,352,88.47,31141.44
2022-05-02,Casa & Jardim,232,263.46,61122.72
2022-05-02,Eletrônicos,312,916.65,285994.8
2022-05-02,Esportes,161,328.67,52915.87
2022-05-02,Moda,395,191.0,75445.0
2022-05-03,Beleza,403,88.26,35568.78
2022-05-03,Casa & Jardim,189,263.68,49835.52
2022-05-03,Eletrônicos,298,901.32,268593.36
2022-05-03,Esportes,184,296.36,54530.24
2022-05-03,Moda,456,177.91,81126.96
2022-05-04,Beleza,396,101.52,40201.92
2022-05-04,Casa & Jardim,202,255.74,51659.48
2022-05-04,Eletrônicos,273,882.74,240988.02
2022-05-04,Esportes,143,326.22,46649.46
2022-05-04,Moda,529,186.32,98563.28
2022-05-05,Beleza,355,94.95,33707.25
2022-05-05,Casa & Jardim,211,250.65,52887.15
2022-05-05,Eletrônicos,369,830.89,306598.41
2022-05-05,Esportes,155,312.7,48468.5
2022-05-05,Moda,647,191.24,123732.28
2022-05-06,Beleza,441,98.17,43292.97
2022-05-06,Casa & Jardim,250,268.71,67177.5
2022-05-06,Eletrônicos,415,821.93,341100.95
2022-05-06,Esportes,210,308.6,64806.0
2022-05-06,Moda,548,171.0,93708.0
2022-05-07,Beleza,595,98.52,58619.4
2022-05-07,Casa & Jardim,287,254.79,73124.73
2022-05-07,Eletrônicos,445,899.92,400464.4
2022-05-07,Esportes,236,338.99,80001.64
2022-05-07,Moda,587,190.32,111717.84
2022-05-08,Beleza,696,97.09,67574.64
2022-05-08,Casa & Jardim,374,262.07,98014.18
2022-05-08,Eletrônicos,634,906.2,574530.8
2022-05-08,Esportes,322,311.93,100441.46
2022-05-08,Moda,891,186.05,165770.55
2022-05-09,Beleza,482,88.47,42642.54
2022-05-09,Casa & Jardim,285,273.83,78041.55
2022-05-09,Eletrônicos,473,890.57,421239.61
2022-05-09,Esportes,221,339.6,75051.6
2022-05-09,Moda,762,174.65,133083.3
2022-05-10,Beleza,566,102.54,58037.64
2022-05-10,Casa & Jardim,259,272.71,70631.89
2022-05-10,Eletrônicos,682,870.4,593612.8
2022-05-10,Esportes,246,321.42,79069.32
2022-05-10,Moda,736,178.83,131618.88
2022-05-11,Beleza,433,94.61,40966.13
2022-05-11,Casa & Jardim,271,273.2,74037.2
2022-05-11,Eletrônicos,510,903.04,460550.4
2022-05-11,Esportes,299,332.76,99495.24
2022-05-11,Moda,656,175.9,115390.4
2022-05-12,Beleza,562,99.51,55924.62
2022-05-12,Casa & Jardim,280,277.9,77812.0
2022-05-12,Eletrônicos,509,827.97,421436.73
2022-05-12,Esportes,241,343.79,82853.39
2022-05-12,Moda,804,175.25,140901.0
2022-05-13,Beleza,766,96.45,73880.7
2022-05-13,Casa & Jardim,340,253.24,86101.6
2022-05-13,Eletrônicos,484,860.65,416554.6
2022-05-13,Esportes,255,325.88,83099.4
2022-05-13,Moda,775,170.6,132215.0
2022-05-14,Beleza,731,96.59,70607.29
2022-05-14,Casa & Jardim,353,275.42,97223.26
2022-05-14,Eletrônicos,590,786.89,464265.1
2022-05-14,Esportes,317,319.1,101154.7
2022-05-14,Moda,982,168.5,165467.0
2022-05-15,Beleza,569,96.98,55181.62
2022-05-15,Casa & Jardim,188,253.11,47584.68
2022-05-15,Eletrônicos,544,820.97,446607.68
2022-05-15,Esportes,201,332.66,66864.66
2022-05-15,Moda,643,172.51,110923.93
2022-05-16,Beleza,333,88.82,29577.06
2022-05-16,Casa & Jardim,190,255.61,48565.9
2022-05-16,Eletrônicos,245,862.35,211275.75
2022-05-16,Esportes,142,310.36,44071.12
2022-05-16,Moda,428,178.57,76427.96
2022-05-17,Beleza,356,87.65,31203.4
2022-05-17,Casa & Jardim,165,263.0,43395.0
2022-05-17,Eletrônicos,280,799.28,223798.4
2022-05-17,Esportes,157,298.1,46801.7
2022-05-17,Moda,388,187.17,72621.96
2022-05-18,Beleza,372,90.61,33706.92
2022-05-18,Casa & Jardim,206,272.71,56178.26
2022-05-18,Eletrônicos,358,853.03,305384.74
2022-05-18,Esportes,141,339.51,47870.91
2022-05-18,Moda,532,175.75,93499.0
2022-05-19,Beleza,426,98.59,41999.34
2022-05-19,Casa & Jardim,195,245.41,47854.95
2022-05-19,Eletrônicos,298,866.71,258279.58
2022-05-19,Esportes,166,342.32,56825.12
2022-05-19,Moda,570,189.83,108203.1
2022-05-20,Beleza,457,89.87,41070.59
2022-05-20,Casa & Jardim,251,250.36,62840.36
2022-05-20,Eletrônicos,398,793.61,315856.78
2022-05-20,Esportes,146,329.12,48051.52
2022-05-20,Moda,563,183.86,103513.18
2022-05-21,Beleza,407,101.99,41509.93
2022-05-21,Casa & Jardim,236,267.48,63125.28
2022-05-21,Eletrônicos,422,855.53,361033.66
2022-05-21,Esportes,246,312.01,76754.46
2022-05-21,Moda,611,169.24,103405.64
2022-05-22,Beleza,606,89.59,54291.54
2022-05-22,Casa & Jardim,216,241.56,52176.96
2022-05-22,Eletrônicos,382,868.69,331839.58
2022-05-22,Esportes,180,308.6,55548.0
2022-05-22,Moda,523,185.37,96948.51
2022-05-23,Beleza,358,87.53,31335.74
2022-05-23,Casa & Jardim,197,268.2,52835.4
2022-05-23,Eletrônicos,241,890.15,214526.15
2022-05-23,Esportes,125,296.92,37115.0
2022-05-23,Moda,518,167.61,86821.98
2022-05-24,Beleza,370,94.32,34898.4
2022-05-24,Casa & Jardim,183,247.25,45246.75
2022-05-24,Eletrônicos,304,818.83,248924.32
2022-05-24,Esportes,167,295.99,49430.33
2022-05-24,Moda,449,172.14,77290.86
2022-05-25,Beleza,375,95.27,35726.25
2022-05-25,Casa & Jardim,174,276.06,48034.44
2022-05-25,Eletrônicos,286,785.45,224638.7
2022-05-25,Esportes,181,321.91,58265.71
2022-05-25,Moda,446,189.71,84610.66
2022-05-26,Beleza,402,98.31,39520.62
2022-05-26,Casa & Jardim,231,276.46,63862.26
2022-05-26,Eletrônicos,321,912.92,293047.32
2022-05-26,Esportes,161,337.45,54329.45
2022-05-26,Moda,527,185.59,97805.93
2022-05-27,Beleza,449,94.13,42264.37
2022-05-27,Casa & Jardim,211,256.31,54081.41
2022-05-27,Eletrônicos,391,837.62,327509.42
2022-05-27,Esportes,173,306.54,53031.42
2022-05-27,Moda,456,180.36,82244.16
2022-05-28,Beleza,467,99.76,46587.92
2022-05-28,Casa & Jardim,248,249.21,61804.08
2022-05-28,Eletrônicos,467,805.57,376201.19
2022-05-28,Esportes,193,317.3,61238.9
2022-05-28,Moda,544,166.56,90608.64
2022-05-29,Beleza,561,96.34,54046.74
2022-05-29,Casa & Jardim,301,267.2,80427.2
2022-05-29,Eletrônicos,391,856.69,334965.79
2022-05-29,Esportes,204,322.77,65845.08
2022-05-29,Moda,556,174.35,96938.6
2022-05-30,Beleza,352,96.95,34126.4
2022-05-30,Casa & Jardim,212,273.49,57979.88
2022-05-30,Eletrônicos,285,879.19,250569.15
2022-05-30,Esportes,146,342.06,49940.76
2022-05-30,Moda,478,190.69,91149.82
2022-05-31,Beleza,337,100.02,33706.74
2022-05-31,Casa & Jardim,169,269.9,45613.1
2022-05-31,Eletrônicos,256,911.86,233436.16
2022-05-31,Esportes,139,342.2,47565.8
2022-05-31,Moda,444,187.66,83321.04
2022-06-01,Beleza,315,100.58,31682.7
2022-06-01,Casa & Jardim,190,254.2,48298.0
2022-06-01,Eletrônicos,342,882.35,301763.7
2022-06-01,Esportes,132,322.17,42526.44
2022-06-01,Moda,482,173.1,83434.2
2022-06-02,Beleza,367,97.57,35808.19
2022-06-02,Casa & Jardim,177,242.58,42936.66
2022-06-02,Eletrônicos,409,839.07,343179.63
2022-06-02,Esportes,132,294.44,38866.08
2022-06-02,Moda,528,191.73,101233.44
2022-06-03,Beleza,408,90.5,36924.0
2022-06-03,Casa & Jardim,258,280.49,72366.42
2022-06-03,Eletrônicos,405,815.69,330354.45
2022-06-03,Esportes,172,335.88,57771.36
2022-06-03,Moda,565,168.8,95372.0
2022-06-04,Beleza,357,96.93,34604.01
2022-06-04,Casa & Jardim,294,275.23,80917.62
2022-06-04,Eletrônicos,477,783.96,373948.92
2022-06-04,Esportes,201,341.23,68587.23
2022-06-04,Moda,749,178.48,133681.52
2022-06-05,Beleza,391,96.0,37536.0
2022-06-05,Casa & Jardim,324,251.24,81401.76
2022-06-05,Eletrônicos,370,797.79,295182.3
2022-06-05,Esportes,176,305.08,53694.08
2022-06-05,Moda,670,181.34,121497.8
2022-06-06,Beleza,264,101.33,26751.12
2022-06-06,Casa & Jardim,255,256.31,65359.05
2022-06-06,Eletrônicos,317,846.49,268337.33
2022-06-06,Esportes,133,325.31,43266.23
2022-06-06,Moda,431,176.56,76097.36
2022-06-07,Beleza,349,98.32,34313.68
2022-06-07,Casa & Jardim,174,256.98,44714.52
2022-06-07,Eletrônicos,318,795.31,252908.58
2022-06-07,Esportes,142,302.79,42996.18
2022-06-07,Moda,396,186.91,74016.36
2022-06-08,Beleza,584,96.31,56245.04
2022-06-08,Casa & Jardim,281,274.58,77156.98
2022-06-08,Eletrônicos,271,805.56,218306.76
2022-06-08,Esportes,171,318.13,54400.23
2022-06-08,Moda,575,192.04,110423.0
2022-06-09,Beleza,432,94.45,40802.4
2022-06-09,Casa & Jardim,213,247.58,52734.54
2022-06-09,Eletrônicos,365,841.0,306965.0
2022-06-09,Esportes,224,325.09,72820.16
2022-06-09,Moda,654,174.02,113809.08
2022-06-10,Beleza,575,91.14,52405.5
2022-06-10,Casa & Jardim,308,273.45,84222.6
2022-06-10,Eletrônicos,567,868.37,492365.79
2022-06-10,Esportes,237,309.9,73446.3
2022-06-10,Moda,644,191.83,123538.52
2022-06-11,Beleza,641,101.87,65298.67
2022-06-11,Casa & Jardim,362,262.34,94967.08
2022-06-11,Eletrônicos,449,788.16,353883.84
2022-06-11,Esportes,233,328.31,76496.23
2022-06-11,Moda,848,166.12,140869.76
2022-06-12,Beleza,700,95.5,66850.0
2022-06-12,Casa & Jardim,302,271.04,81854.08
2022-06-12,Eletrônicos,624,850.43,530668.32
2022-06-12,Esportes,265,300.96,79754.4
2022-06-12,Moda,821,193.33,158723.93
2022-06-13,Beleza,527,89.37,47097.99
2022-06-13,Casa & Jardim,233,249.73,58187.09
2022-06-13,Eletrônicos,329,898.48,295599.92
2022-06-13,Esportes,168,316.18,53118.24
2022-06-13,Moda,508,189.49,96260.92
2022-06-14,Beleza,606,93.11,56424.66
2022-06-14,Casa & Jardim,272,252.69,68731.68
2022-06-14,Eletrônicos,336,791.6,265977.6
2022-06-14,Esportes,199,307.82,61256.18
2022-06-14,Moda,626,173.71,108742.46
2022-06-15,Beleza,393,94.19,37016.67
2022-06-15,Casa & Jardim,210,267.34,56141.4
2022-06-15,Eletrônicos,325,869.37,282545.25
2022-06-15,Esportes,132,339.54,44819.28
2022-06-15,Moda,468,168.38,78801.84
2022-06-16,Beleza,358,99.23,35524.34
2022-06-16,Casa & Jardim,251,267.59,67165.09
2022-06-16,Eletrônicos,321,909.87,292068.27
2022-06-16,Esportes,149,325.83,48548.67
2022-06-16,Moda,577,172.57,99572.89
2022-06-17,Beleza,416,93.58,38929.28
2022-06-17,Casa & Jardim,279,263.13,73413.27
2022-06-17,Eletrônicos,343,860.26,295069.18
2022-06-17,Esportes,174,298.89,52006.86
2022-06-17,Moda,521,174.28,90799.88
2022-06-18,Beleza,481,101.48,48811.88
2022-06-18,Casa & Jardim,217,271.17,58843.89
2022-06-18,Eletrônicos,497,844.32,419627.04
2022-06-18,Esportes,235,328.16,77117.6
2022-06-18,Moda,576,182.83,105310.08
2022-06-19,Beleza,463,95.26,44105.38
2022-06-19,Casa & Jardim,245,248.61,60909.45
2022-06-19,Eletrônicos,348,856.2,297957.6
2022-06-19,Esportes,175,326.38,57116.5
2022-06-19,Moda,517,187.0,96679.0
2022-06-20,Beleza,456,88.68,40438.08
2022-06-20,Casa & Jardim,171,265.21,45350.91
2022-06-20,Eletrônicos,296,912.72,270165.12
2022-06-20,Esportes,130,299.67,38957.1
2022-06-20,Moda,385,166.99,64291.15
2022-06-21,Beleza,390,89.06,34733.4
2022-06-21,Casa & Jardim,206,270.28,55677.68
2022-06-21,Eletrônicos,313,905.13,283305.69
2022-06-21,Esportes,116,331.21,38420.36
2022-06-21,Moda,474,191.3,90676.2
2022-06-22,Beleza,314,102.08,32053.12
2022-06-22,Casa & Jardim,206,274.54,56555.24
2022-06-22,Eletrônicos,319,791.68,252545.92
2022-06-22,Esportes,184,307.15,56515.6
2022-06-22,Moda,550,170.94,94017.0
2022-06-23,Beleza,419,91.13,38183.47
2022-06-23,Casa & Jardim,183,241.07,44115.81
2022-06-23,Eletrônicos,296,825.38,244312.48
2022-06-23,Esportes,152,311.01,47273.52
2022-06-23,Moda,457,188.48,86135.36
2022-06-24,Beleza,393,98.31,38635.83
2022-06-24,Casa & Jardim,210,259.11,54413.1
2022-06-24,Eletrônicos,335,798.07,267353.45
2022-06-24,Esportes,195,340.34,66366.3
2022-06-24,Moda,512,166.6,85299.2
2022-06-25,Beleza,555,96.74,53690.7
2022-06-25,Casa & Jardim,309,277.84,85852.56
2022-06-25,Eletrônicos,456,876.76,399802.56
2022-06-25,Esportes,183,320.93,58730.19
2022-06-25,Moda,602,167.43,100792.86
2022-06-26,Beleza,573,100.97,57855.81
2022-06-26,Casa & Jardim,248,239.77,59462.96
2022-06-26,Eletrônicos,451,881.97,397768.47
2022-06-26,Esportes,182,339.42,61774.44
2022-06-26,Moda,675,189.54,127939.5
2022-06-27,Beleza,364,91.17,33185.88
2022-06-27,Casa & Jardim,153,242.59,37116.27
2022-06-27,Eletrônicos,313,891.27,278967.51
2022-06-27,Esportes,143,295.07,42195.01
2022-06-27,Moda,392,168.3,65973.6
2022-06-28,Beleza,337,102.42,34515.54
2022-06-28,Casa & Jardim,165,262.0,43230.0
2022-06-28,Eletrônicos,264,884.08,233397.12
2022-06-28,Esportes,138,311.91,43043.58
2022-06-28,Moda,435,191.8,83433.0
2022-06-29,Beleza,457,97.81,44699.17
2022-06-29,Casa & Jardim,251,246.47,61863.97
2022-06-29,Eletrônicos,289,891.73,257709.97
2022-06-29,Esportes,159,341.72,54333.48
2022-06-29,Moda,504,190.91,96218.64
2022-06-30,Beleza,364,90.62,32985.68
2022-06-30,Casa & Jardim,232,279.36,64811.52
2022-06-30,Eletrônicos,319,832.59,265596.21
2022-06-30,Esportes,153,322.51,49344.03
2022-06-30,Moda,492,182.07,89578.44
2022-07-01,Beleza,379,93.65,35493.35
2022-07-01,Casa & Jardim,186,241.3,44881.8
2022-07-01,Eletrônicos,341,887.59,302668.19
2022-07-01,Esportes,153,305.63,46761.39
2022-07-01,Moda,352,174.73,61504.96
2022-07-02,Beleza,425,90.96,38658.0
2022-07-02,Casa & Jardim,253,262.66,66452.98
2022-07-02,Eletrônicos,410,898.74,368483.4
2022-07-02,Esportes,229,331.63,75943.27
2022-07-02,Moda,604,178.12,107584.48
2022-07-03,Beleza,464,92.55,42943.2
2022-07-03,Casa & Jardim,273,260.01,70982.73
2022-07-03,Eletrônicos,369,840.34,310085.46
2022-07-03,Esportes,161,294.44,47404.84
2022-07-03,Moda,582,191.3,111336.6
2022-07-04,Beleza,360,87.51,31503.6
2022-07-04,Casa & Jardim,148,277.36,41049.28
2022-07-04,Eletrônicos,311,796.02,247562.22
2022-07-04,Esportes,122,296.34,36153.48
2022-07-04,Moda,481,178.37,85795.97
2022-07-05,Beleza,379,89.63,33969.77
2022-07-05,Casa & Jardim,199,256.11,50965.89
2022-07-05,Eletrônicos,300,904.75,271425.0
2022-07-05,Esportes,116,300.7,34881.2
2022-07-05,Moda,479,182.64,87484.56
2022-07-06,Beleza,381,89.83,34225.23
2022-07-06,Casa & Jardim,196,251.4,49274.4
2022-07-06,Eletrônicos,337,825.53,278203.61
2022-07-06,Esportes,149,307.56,45826.44
2022-07-06,Moda,489,185.84,90875.76
2022-07-07,Beleza,393,88.08,34615.44
2022-07-07,Casa & Jardim,176,261.06,45946.56
2022-07-07,Eletrônicos,299,903.79,270233.21
2022-07-07,Esportes,149,295.47,44025.03
2022-07-07,Moda,435,168.6,73341.0
2022-07-08,Beleza,487,96.86,47170.82
2022-07-08,Casa & Jardim,233,272.16,63413.28
2022-07-08,Eletrônicos,350,911.28,318948.0
2022-07-08,Esportes,157,306.17,48068.69
2022-07-08,Moda,402,176.67,71021.34
2022-07-09,Beleza,424,99.1,42018.4
2022-07-09,Casa & Jardim,257,267.34,68706.38
2022-07-09,Eletrônicos,379,859.99,325936.21
2022-07-09,Esportes,164,320.82,52614.48
2022-07-09,Moda,723,192.98,139524.54
2022-07-10,Beleza,395,99.73,39393.35
2022-07-10,Casa & Jardim,255,251.51,64135.05
2022-07-10,Eletrônicos,343,821.88,281904.84
2022-07-10,Esportes,183,312.55,57196.65
2022-07-10,Moda,536,182.9,98034.4
2022-07-11,Beleza,376,93.58,35186.08
2022-07-11,Casa & Jardim,185,239.25,44261.25
2022-07-11,Eletrônicos,363,826.7,300092.1
2022-07-11,Esportes,149,313.91,46772.59
2022-07-11,Moda,411,183.86,75566.46
2022-07-12,Beleza,333,99.13,33010.29
2022-07-12,Casa & Jardim,158,266.73,42143.34
2022-07-12,Eletrônicos,314,889.65,279350.1
2022-07-12,Esportes,157,317.52,49850.64
2022-07-12,Moda,484,167.64,81137.76
2022-07-13,Beleza,402,101.2,40682.4
2022-07-13,Casa & Jardim,171,265.56,45410.76
2022-07-13,Eletrônicos,318,889.39,282826.02
2022-07-13,Esportes,127,338.26,42959.02
2022-07-13,Moda,382,179.21,68458.22
2022-07-14,Beleza,369,88.73,32741.37
2022-07-14,Casa & Jardim,187,269.52,50400.24
2022-07-14,Eletrônicos,298,789.83,235369.34
2022-07-14,Esportes,139,323.11,44912.29
2022-07-14,Moda,368,166.91,61422.88
2022-07-15,Beleza,389,99.64,38759.96
2022-07-15,Casa & Jardim,218,252.66,55079.88
2022-07-15,Eletrônicos,303,856.74,259592.22
2022-07-15,Esportes,169,299.27,50576.63
2022-07-15,Moda,463,193.58,89627.54
2022-07-16,Beleza,514,100.32,51564.48
2022-07-16,Casa & Jardim,269,253.46,68180.74
2022-07-16,Eletrônicos,434,829.72,360098.48
2022-07-16,Esportes,175,304.96,53368.0
2022-07-16,Moda,513,175.14,89846.82
2022-07-17,Beleza,476,88.16,41964.16
2022-07-17,Casa & Jardim,308,244.8,75398.4
2022-07-17,Eletrônicos,373,797.92,297624.16
2022-07-17,Esportes,154,339.28,52249.12
2022-07-17,Moda,463,183.19,84816.97
2022-07-18,Beleza,350,89.68,31388.0
2022-07-18,Casa & Jardim,187,243.5,45534.5
2022-07-18,Eletrônicos,297,866.08,257225.76
2022-07-18,Esportes,132,325.41,42954.12
2022-07-18,Moda,405,173.68,70340.4
2022-07-19,Beleza,452,97.21,43938.92
2022-07-19,Casa & Jardim,190,255.92,48624.8
2022-07-19,Eletrônicos,255,795.75,202916.25
2022-07-19,Esportes,112,329.82,36939.84
2022-07-19,Moda,399,165.76,66138.24
2022-07-20,Beleza,415,87.66,36378.9
2022-07-20,Casa & Jardim,207,244.12,50532.84
2022-07-20,Eletrônicos,298,791.9,235986.2
2022-07-20,Esportes,154,323.5,49819.0
2022-07-20,Moda,351,165.82,58202.82
2022-07-21,Beleza,406,97.52,39593.12
2022-07-21,Casa & Jardim,210,239.2,50232.0
2022-07-21,Eletrônicos,282,893.77,252043.14
2022-07-21,Esportes,137,316.9,43415.3
2022-07-21,Moda,416,188.71,78503.36
2022-07-22,Beleza,426,99.9,42557.4
2022-07-22,Casa & Jardim,195,249.79,48709.05
2022-07-22,Eletrônicos,319,793.54,253139.26
2022-07-22,Esportes,159,336.42,53490.78
2022-07-22,Moda,446,182.08,81207.68
2022-07-23,Beleza,482,94.39,45495.98
2022-07-23,Casa & Jardim,293,239.74,70243.82
2022-07-23,Eletrônicos,397,916.18,363723.46
2022-07-23,Esportes,168,325.86,54744.48
2022-07-23,Moda,445,192.43,85631.35
2022-07-24,Beleza,455,94.98,43215.9
2022-07-24,Casa & Jardim,281,279.04,78410.24
2022-07-24,Eletrônicos,319,892.54,284720.26
2022-07-24,Esportes,180,300.47,54084.6
2022-07-24,Moda,556,177.03,98428.68
2022-07-25,Beleza,361,95.05,34313.05
2022-07-25,Casa & Jardim,185,262.73,48605.05
2022-07-25,Eletrônicos,239,910.83,217688.37
2022-07-25,Esportes,157,295.1,46330.7
2022-07-25,Moda,420,168.88,70929.6
2022-07-26,Beleza,321,99.03,31788.63
2022-07-26,Casa & Jardim,159,262.03,41662.77
2022-07-26,Eletrônicos,251,887.69,222810.19
2022-07-26,Esportes,148,334.86,49559.28
2022-07-26,Moda,361,175.54,63369.94
2022-07-27,Beleza,313,97.25,30439.25
2022-07-27,Casa & Jardim,187,255.01,47686.87
2022-07-27,Eletrônicos,283,857.94,242797.02
2022-07-27,Esportes,121,309.54,37454.34
2022-07-27,Moda,476,179.81,85589.56
2022-07-28,Beleza,371,90.02,33397.42
2022-07-28,Casa & Jardim,160,249.2,39872.0
2022-07-28,Eletrônicos,332,797.12,264643.84
2022-07-28,Esportes,103,315.42,32488.26
2022-07-28,Moda,434,185.83,80650.22
2022-07-29,Beleza,436,89.79,39148.44
2022-07-29,Casa & Jardim,261,243.15,63462.15
2022-07-29,Eletrônicos,332,849.0,281868.0
2022-07-29,Esportes,158,306.25,48387.5
2022-07-29,Moda,448,177.75,79632.0
2022-07-30,Beleza,540,102.03,55096.2
2022-07-30,Casa & Jardim,231,246.56,56955.36
2022-07-30,Eletrônicos,386,789.66,304808.76
2022-07-30,Esportes,177,297.23,52609.71
2022-07-30,Moda,465,177.44,82509.6
2022-07-31,Beleza,431,96.93,41776.83
2022-07-31,Casa & Jardim,237,280.27,66423.99
2022-07-31,Eletrônicos,368,798.16,293722.88
2022-07-31,Esportes,173,304.54,52685.42
2022-07-31,Moda,567,183.11,103823.37
2022-08-01,Beleza,373,91.25,34036.25
2022-08-01,Casa & Jardim,228,275.54,62823.12
2022-08-01,Eletrônicos,311,883.46,274756.06
2022-08-01,Esportes,133,312.72,41591.76
2022-08-01,Moda,458,174.51,79925.58
2022-08-02,Beleza,382,102.28,39070.96
2022-08-02,Casa & Jardim,138,280.62,38725.56
2022-08-02,Eletrônicos,262,861.34,225671.08
2022-08-02,Esportes,120,294.83,35379.6
2022-08-02,Moda,393,173.02,67996.86
2022-08-03,Beleza,404,95.03,38392.12
2022-08-03,Casa & Jardim,229,252.8,57891.2
2022-08-03,Eletrônicos,302,820.86,247899.72
2022-08-03,Esportes,191,327.87,62623.17
2022-08-03,Moda,449,167.31,75122.19
2022-08-04,Beleza,477,89.41,42648.57
2022-08-04,Casa & Jardim,212,251.92,53407.04
2022-08-04,Eletrônicos,332,900.13,298843.16
2022-08-04,Esportes,188,314.22,59073.36
2022-08-04,Moda,553,168.9,93401.7
2022-08-05,Beleza,429,95.71,41059.59
2022-08-05,Casa & Jardim,281,267.58,75189.98
2022-08-05,Eletrônicos,367,792.04,290678.68
2022-08-05,Esportes,161,297.17,47844.37
2022-08-05,Moda,573,176.65,101220.45
2022-08-06,Beleza,458,93.75,42937.5
2022-08-06,Casa & Jardim,234,252.31,59040.54
2022-08-06,Eletrônicos,409,857.32,350643.88
2022-08-06,Esportes,197,317.81,62608.57
2022-08-06,Moda,454,169.09,76766.86
2022-08-07,Beleza,506,100.37,50787.22
2022-08-07,Casa & Jardim,269,244.54,65781.26
2022-08-07,Eletrônicos,403,867.6,349642.8
2022-08-07,Esportes,214,299.76,64148.64
2022-08-07,Moda,530,177.67,94165.1
2022-08-08,Beleza,453,100.7,45617.1
2022-08-08,Casa & Jardim,215,263.27,56603.05
2022-08-08,Eletrônicos,398,876.62,348894.76
2022-08-08,Esportes,180,336.52,60573.6
2022-08-08,Moda,531,167.91,89160.21
2022-08-09,Beleza,429,89.36,38335.44
2022-08-09,Casa & Jardim,265,270.54,71693.1
2022-08-09,Eletrônicos,469,861.47,404029.43
2022-08-09,Esportes,162,310.61,50318.82
2022-08-09,Moda,526,175.82,92481.32
2022-08-10,Beleza,447,96.87,43300.89
2022-08-10,Casa & Jardim,280,275.51,77142.8
2022-08-10,Eletrônicos,350,904.56,316596.0
2022-08-10,Esportes,155,314.89,48807.95
2022-08-10,Moda,563,185.15,104239.45
2022-08-11,Beleza,511,92.81,47425.91
2022-08-11,Casa & Jardim,314,264.96,83197.44
2022-08-11,Eletrônicos,516,819.72,422975.52
2022-08-11,Esportes,188,335.44,63062.72
2022-08-11,Moda,601,176.02,105788.02
2022-08-12,Beleza,514,97.12,49919.68
2022-08-12,Casa & Jardim,287,246.96,70877.52
2022-08-12,Eletrônicos,406,807.58,327877.48
2022-08-12,Esportes,184,317.01,58329.84
2022-08-12,Moda,636,183.92,116973.12
2022-08-13,Beleza,695,90.98,63231.1
2022-08-13,Casa & Jardim,422,274.56,115864.32
2022-08-13,Eletrônicos,397,861.38,341967.86
2022-08-13,Esportes,280,330.55,92554.0
2022-08-13,Moda,737,191.9,141430.3
2022-08-14,Beleza,679,89.33,60655.07
2022-08-14,Casa & Jardim,286,247.36,70744.96
2022-08-14,Eletrônicos,473,792.57,374885.61
2022-08-14,Esportes,237,319.51,75723.87
2022-08-14,Moda,811,186.45,151210.95
2022-08-15,Beleza,391,100.57,39322.87
2022-08-15,Casa & Jardim,191,263.56,50339.96
2022-08-15,Eletrônicos,313,824.1,257943.3
2022-08-15,Esportes,151,323.94,48914.94
2022-08-15,Moda,447,169.07,75574.29
2022-08-16,Beleza,320,93.9,30048.0
2022-08-16,Casa & Jardim,165,261.72,43183.8
2022-08-16,Eletrônicos,363,892.68,324042.84
2022-08-16,Esportes,132,305.72,40355.04
2022-08-16,Moda,363,165.94,60236.22
2022-08-17,Beleza,394,89.85,35400.9
2022-08-17,Casa & Jardim,202,261.84,52891.68
2022-08-17,Eletrônicos,276,905.89,250025.64
2022-08-17,Esportes,161,296.66,47762.26
2022-08-17,Moda,447,177.75,79454.25
2022-08-18,Beleza,447,89.01,39787.47
2022-08-18,Casa & Jardim,183,248.92,45552.36
2022-08-18,Eletrônicos,337,893.87,301234.19
2022-08-18,Esportes,139,345.2,47982.8
2022-08-18,Moda,449,182.22,81816.78
2022-08-19,Beleza,492,95.09,46784.28
2022-08-19,Casa & Jardim,263,240.93,63364.59
2022-08-19,Eletrônicos,306,908.85,278108.1
2022-08-19,Esportes,176,314.61,55371.36
2022-08-19,Moda,411,166.86,68579.46
2022-08-20,Beleza,552,95.54,52738.08
2022-08-20,Casa & Jardim,279,259.92,72517.68
2022-08-20,Eletrônicos,511,899.78,459787.58
2022-08-20,Esportes,186,319.6,59445.6
2022-08-20,Moda,600,175.48,105288.0
2022-08-21,Beleza,504,93.39,47068.56
2022-08-21,Casa & Jardim,227,252.0,57204.0
2022-08-21,Eletrônicos,465,916.27,426065.55
2022-08-21,Esportes,186,321.92,59877.12
2022-08-21,Moda,512,186.6,95539.2
2022-08-22,Beleza,374,94.57,35369.18
2022-08-22,Casa & Jardim,213,264.73,56387.49
2022-08-22,Eletrônicos,284,802.46,227898.64
2022-08-22,Esportes,160,296.92,47507.2
2022-08-22,Moda,485,185.54,89986.9
2022-08-23,Beleza,418,94.85,39647.3
2022-08-23,Casa & Jardim,226,254.38,57489.88
2022-08-23,Eletrônicos,237,913.91,216596.67
2022-08-23,Esportes,125,300.22,37527.5
2022-08-23,Moda,439,177.98,78133.22
2022-08-24,Beleza,397,93.53,37131.41
2022-08-24,Casa & Jardim,211,265.86,56096.46
2022-08-24,Eletrônicos,362,896.53,324543.86
2022-08-24,Esportes,152,315.44,47946.88
2022-08-24,Moda,383,174.42,66802.86
2022-08-25,Beleza,411,92.47,38005.17
2022-08-25,Casa & Jardim,173,268.39,46431.47
2022-08-25,Eletrônicos,314,838.42,263263.88
2022-08-25,Esportes,177,303.54,53726.58
2022-08-25,Moda,510,188.32,96043.2
2022-08-26,Beleza,623,91.02,56705.46
2022-08-26,Casa & Jardim,226,262.35,59291.1
2022-08-26,Eletrônicos,417,819.18,341598.06
2022-08-26,Esportes,190,298.47,56709.3
2022-08-26,Moda,609,189.29,115277.61
2022-08-27,Beleza,494,99.47,49138.18
2022-08-27,Casa & Jardim,287,240.07,68900.09
2022-08-27,Eletrônicos,411,886.58,364384.38
2022-08-27,Esportes,181,336.48,60902.88
2022-08-27,Moda,572,190.3,108851.6
2022-08-28,Beleza,392,89.02,34895.84
2022-08-28,Casa & Jardim,252,252.34,63589.68
2022-08-28,Eletrônicos,406,910.49,369658.94
2022-08-28,Esportes,203,333.79,67759.37
2022-08-28,Moda,570,174.78,99624.6
2022-08-29,Beleza,368,91.03,33499.04
2022-08-29,Casa & Jardim,171,267.31,45710.01
2022-08-29,Eletrônicos,286,843.27,241175.22
2022-08-29,Esportes,116,307.84,35709.44
2022-08-29,Moda,476,182.37,86808.12
2022-08-30,Beleza,358,89.97,32209.26
2022-08-30,Casa & Jardim,216,255.67,55224.72
2022-08-30,Eletrônicos,314,799.57,251064.98
2022-08-30,Esportes,155,300.64,46599.2
2022-08-30,Moda,488,185.92,90728.96
2022-08-31,Beleza,397,94.4,37476.8
2022-08-31,Casa & Jardim,191,256.35,48962.85
2022-08-31,Eletrônicos,313,813.1,254500.3
2022-08-31,Esportes,200,312.8,62560.0
2022-08-31,Moda,362,185.43,67125.66
2022-09-01,Beleza,388,95.79,37166.52
2022-09-01,Casa & Jardim,228,278.08,63402.24
2022-09-01,Eletrônicos,312,873.35,272485.2
2022-09-01,Esportes,144,318.74,45898.56
2022-09-01,Moda,369,178.0,65682.0
2022-09-02,Beleza,327,92.82,30352.14
2022-09-02,Casa & Jardim,199,263.52,52440.48
2022-09-02,Eletrônicos,275,797.44,219296.0
2022-09-02,Esportes,185,340.54,62999.9
2022-09-02,Moda,452,169.71,76708.92
2022-09-03,Beleza,502,93.14,46756.28
2022-09-03,Casa & Jardim,233,279.52,65128.16
2022-09-03,Eletrônicos,442,873.33,386011.86
2022-09-03,Esportes,152,302.79,46024.08
2022-09-03,Moda,523,170.05,88936.15
2022-09-04,Beleza,461,91.33,42103.13
2022-09-04,Casa & Jardim,222,253.32,56237.04
2022-09-04,Eletrônicos,449,852.74,382880.26
2022-09-04,Esportes,156,326.4,50918.4
2022-09-04,Moda,586,166.33,97469.38
2022-09-05,Beleza,336,98.94,33243.84
2022-09-05,Casa & Jardim,174,260.25,45283.5
2022-09-05,Eletrônicos,282,897.9,253207.8
2022-09-05,Esportes,126,331.72,41796.72
2022-09-05,Moda,466,175.41,81741.06
2022-09-06,Beleza,276,90.53,24986.28
2022-09-06,Casa & Jardim,182,280.71,51089.22
2022-09-06,Eletrônicos,344,901.22,310019.68
2022-09-06,Esportes,124,343.05,42538.2
2022-09-06,Moda,454,167.67,76122.18
2022-09-07,Beleza,421,92.55,38963.55
2022-09-07,Casa & Jardim,162,257.99,41794.38
2022-09-07,Eletrônicos,351,836.87,293741.37
2022-09-07,Esportes,139,297.64,41371.96
2022-09-07,Moda,332,185.1,61453.2
2022-09-08,Beleza,349,95.97,33493.53
2022-09-08,Casa & Jardim,164,243.99,40014.36
2022-09-08,Eletrônicos,318,877.75,279124.5
2022-09-08,Esportes,129,340.16,43880.64
2022-09-08,Moda,382,183.05,69925.1
2022-09-09,Beleza,448,88.19,39509.12
2022-09-09,Casa & Jardim,173,275.94,47737.62
2022-09-09,Eletrônicos,391,810.96,317085.36
2022-09-09,Esportes,159,321.53,51123.27
2022-09-09,Moda,409,194.06,79370.54
2022-09-10,Beleza,430,100.36,43154.8
2022-09-10,Casa & Jardim,196,266.64,52261.44
2022-09-10,Eletrônicos,431,835.35,360035.85
2022-09-10,Esportes,201,302.1,60722.1
2022-09-10,Moda,505,178.68,90233.4
2022-09-11,Beleza,483,92.76,44803.08
2022-09-11,Casa & Jardim,203,257.59,52290.77
2022-09-11,Eletrônicos,302,841.5,254133.0
2022-09-11,Esportes,187,296.38,55423.06
2022-09-11,Moda,484,179.58,86916.72
2022-09-12,Beleza,337,98.38,33154.06
2022-09-12,Casa & Jardim,167,273.05,45599.35
2022-09-12,Eletrônicos,269,851.9,229161.1
2022-09-12,Esportes,126,301.0,37926.0
2022-09-12,Moda,419,166.39,69717.41
2022-09-13,Beleza,362,89.32,32333.84
2022-09-13,Casa & Jardim,176,278.32,48984.32
2022-09-13,Eletrônicos,293,888.58,260353.94
2022-09-13,Esportes,139,318.39,44256.21
2022-09-13,Moda,411,176.67,72611.37
2022-09-14,Beleza,344,90.11,30997.84
2022-09-14,Casa & Jardim,191,245.5,46890.5
2022-09-14,Eletrônicos,346,899.28,311150.88
2022-09-14,Esportes,128,308.47,39484.16
2022-09-14,Moda,407,166.72,67855.04
2022-09-15,Beleza,332,90.38,30006.16
2022-09-15,Casa & Jardim,191,259.06,49480.46
2022-09-15,Eletrônicos,249,911.13,226871.37
2022-09-15,Esportes,140,296.08,41451.2
2022-09-15,Moda,416,170.21,70807.36
2022-09-16,Beleza,414,101.75,42124.5
2022-09-16,Casa & Jardim,253,255.9,64742.7
2022-09-16,Eletrônicos,271,844.44,228843.24
2022-09-16,Esportes,175,344.71,60324.25
2022-09-16,Moda,454,166.27,75486.58
2022-09-17,Beleza,471,101.43,47773.53
2022-09-17,Casa & Jardim,302,253.26,76484.52
2022-09-17,Eletrônicos,378,915.28,345975.84
2022-09-17,Esportes,176,327.02,57555.52
2022-09-17,Moda,527,173.93,91661.11
2022-09-18,Beleza,481,95.68,46022.08
2022-09-18,Casa & Jardim,231,245.97,56819.07
2022-09-18,Eletrônicos,292,868.14,253496.88
2022-09-18,Esportes,153,341.59,52263.27
2022-09-18,Moda,647,191.52,123913.44
2022-09-19,Beleza,389,97.42,37896.38
2022-09-19,Casa & Jardim,159,269.75,42890.25
2022-09-19,Eletrônicos,276,814.66,224846.16
2022-09-19,Esportes,132,333.18,43979.76
2022-09-19,Moda,433,182.96,79221.68
2022-09-20,Beleza,297,102.43,30421.71
2022-09-20,Casa & Jardim,224,275.47,61705.28
2022-09-20,Eletrônicos,282,806.74,227500.68
2022-09-20,Esportes,142,304.66,43261.72
2022-09-20,Moda,370,189.41,70081.7
2022-09-21,Beleza,396,88.19,34923.24
2022-09-21,Casa & Jardim,211,263.2,55535.2
2022-09-21,Eletrônicos,255,829.01,211397.55
2022-09-21,Esportes,152,305.2,46390.4
2022-09-21,Moda,402,176.7,71033.4
2022-09-22,Beleza,319,89.13,28432.47
2022-09-22,Casa & Jardim,216,261.68,56522.88
2022-09-22,Eletrônicos,293,872.79,255727.47
2022-09-22,Esportes,123,316.86,38973.78
2022-09-22,Moda,444,175.4,77877.6
2022-09-23,Beleza,447,95.15,42532.05
2022-09-23,Casa & Jardim,199,242.5,48257.5
2022-09-23,Eletrônicos,374,805.44,301234.56
2022-09-23,Esportes,171,334.44,57189.24
2022-09-23,Moda,412,181.55,74798.6
2022-09-24,Beleza,513,91.96,47175.48
2022-09-24,Casa & Jardim,270,255.69,69036.3
2022-09-24,Eletrônicos,357,806.07,287766.99
2022-09-24,Esportes,175,334.96,58618.0
2022-09-24,Moda,553,181.2,100203.6
2022-09-25,Beleza,442,93.11,41154.62
2022-09-25,Casa & Jardim,244,251.53,61373.32
2022-09-25,Eletrônicos,341,794.06,270774.46
2022-09-25,Esportes,211,337.34,71178.74
2022-09-25,Moda,577,178.28,102867.56
2022-09-26,Beleza,319,98.9,31549.1
2022-09-26,Casa & Jardim,177,257.2,45524.4
2022-09-26,Eletrônicos,276,810.06,223576.56
2022-09-26,Esportes,114,308.43,35161.02
2022-09-26,Moda,423,174.31,73733.13
2022-09-27,Beleza,306,87.67,26827.02
2022-09-27,Casa & Jardim,171,263.98,45140.58
2022-09-27,Eletrônicos,238,831.54,197906.52
2022-09-27,Esportes,138,310.52,42851.76
2022-09-27,Moda,350,167.26,58541.0
2022-09-28,Beleza,361,88.96,32114.56
2022-09-28,Casa & Jardim,194,273.66,53090.04
2022-09-28,Eletrônicos,362,787.35,285020.7
2022-09-28,Esportes,129,305.13,39361.77
2022-09-28,Moda,378,175.46,66323.88
2022-09-29,Beleza,401,97.09,38933.09
2022-09-29,Casa & Jardim,226,242.54,54814.04
2022-09-29,Eletrônicos,297,890.72,264543.84
2022-09-29,Esportes,130,317.71,41302.3
2022-09-29,Moda,332,182.32,60530.24
2022-09-30,Beleza,410,99.59,40831.9
2022-09-30,Casa & Jardim,280,273.67,76627.6
2022-09-30,Eletrônicos,307,900.81,276548.67
2022-09-30,Esportes,177,299.3,52976.1
2022-09-30,Moda,521,169.61,88366.81
2022-10-01,Beleza,387,89.05,34462.35
2022-10-01,Casa & Jardim,245,271.79,66588.55
2022-10-01,Eletrônicos,413,907.24,374690.12
2022-10-01,Esportes,217,341.64,74135.88
2022-10-01,Moda,736,179.68,132244.48
2022-10-02,Beleza,464,100.71,46729.44
2022-10-02,Casa & Jardim,259,244.37,63291.83
2022-10-02,Eletrônicos,391,891.64,348631.24
2022-10-02,Esportes,148,333.13,49303.24
2022-10-02,Moda,505,177.17,89470.85
2022-10-03,Beleza,345,95.19,32840.55
2022-10-03,Casa & Jardim,186,275.61,51263.46
2022-10-03,Eletrônicos,287,883.76,253639.12
2022-10-03,Esportes,156,307.58,47982.48
2022-10-03,Moda,480,183.48,88070.4
2022-10-04,Beleza,378,94.81,35838.18
2022-10-04,Casa & Jardim,192,263.35,50563.2
2022-10-04,Eletrônicos,268,832.38,223077.84
2022-10-04,Esportes,133,337.38,44871.54
2022-10-04,Moda,514,171.4,88099.6
2022-10-05,Beleza,403,96.21,38772.63
2022-10-05,Casa & Jardim,142,278.13,39494.46
2022-10-05,Eletrônicos,282,847.9,239107.8
2022-10-05,Esportes,143,317.35,45381.05
2022-10-05,Moda,407,179.3,72975.1
2022-10-06,Beleza,397,95.61,37957.17
2022-10-06,Casa & Jardim,194,272.88,52938.72
2022-10-06,Eletrônicos,260,844.9,219674.0
2022-10-06,Esportes,127,329.07,41791.89
2022-10-06,Moda,439,181.24,79564.36
2022-10-07,Beleza,490,89.47,43840.3
2022-10-07,Casa & Jardim,288,278.74,80277.12
2022-10-07,Eletrônicos,416,883.66,367602.56
2022-10-07,Esportes,179,333.94,59775.26
2022-10-07,Moda,518,180.96,93737.28
2022-10-08,Beleza,565,100.11,56562.15
2022-10-08,Casa & Jardim,238,257.5,61285.0
2022-10-08,Eletrônicos,432,851.59,367886.88
2022-10-08,Esportes,251,317.76,79757.76
2022-10-08,Moda,607,190.66,115730.62
2022-10-09,Beleza,469,91.18,42763.42
2022-10-09,Casa & Jardim,241,265.99,64103.59
2022-10-09,Eletrônicos,412,854.37,352000.44
2022-10-09,Esportes,175,340.18,59531.5
2022-10-09,Moda,586,169.19,99145.34
2022-10-10,Beleza,335,93.06,31175.1
2022-10-10,Casa & Jardim,177,264.14,46752.78
2022-10-10,Eletrônicos,291,854.44,248642.04
2022-10-10,Esportes,162,335.43,54339.66
2022-10-10,Moda,401,188.47,75576.47
2022-10-11,Beleza,354,93.59,33130.86
2022-10-11,Casa & Jardim,179,276.74,49536.46
2022-10-11,Eletrônicos,255,814.98,207819.9
2022-10-11,Esportes,134,315.42,42266.28
2022-10-11,Moda,438,192.79,84442.02
2022-10-12,Beleza,309,102.4,31641.6
2022-10-12,Casa & Jardim,165,257.61,42505.65
2022-10-12,Eletrônicos,276,784.73,216585.48
2022-10-12,Esportes,134,336.7,45117.8
2022-10-12,Moda,412,169.89,69994.68
2022-10-13,Beleza,398,88.23,35115.54
2022-10-13,Casa & Jardim,187,241.21,45106.27
2022-10-13,Eletrônicos,264,825.8,218011.2
2022-10-13,Esportes,124,306.05,37950.2
2022-10-13,Moda,465,179.52,83476.8
2022-10-14,Beleza,415,100.11,41545.65
2022-10-14,Casa & Jardim,237,263.66,62487.42
2022-10-14,Eletrônicos,327,798.29,261040.83
2022-10-14,Esportes,197,312.5,61562.5
2022-10-14,Moda,501,190.47,95425.47
2022-10-15,Beleza,732,95.94,70228.08
2022-10-15,Casa & Jardim,271,253.89,68804.19
2022-10-15,Eletrônicos,355,903.11,320604.05
2022-10-15,Esportes,193,327.28,63165.04
2022-10-15,Moda,464,173.83,80657.12
2022-10-16,Beleza,586,90.0,52740.0
2022-10-16,Casa & Jardim,262,273.56,71672.72
2022-10-16,Eletrônicos,487,889.33,433103.71
2022-10-16,Esportes,177,335.07,59307.39
2022-10-16,Moda,657,171.45,112642.65
2022-10-17,Beleza,345,96.42,33264.9
2022-10-17,Casa & Jardim,223,265.47,59199.81
2022-10-17,Eletrônicos,329,849.79,279580.91
2022-10-17,Esportes,135,299.47,40428.45
2022-10-17,Moda,392,180.32,70685.44
2022-10-18,Beleza,317,90.59,28717.03
2022-10-18,Casa & Jardim,193,256.43,49490.99
2022-10-18,Eletrônicos,289,861.81,249063.09
2022-10-18,Esportes,146,312.14,45572.44
2022-10-18,Moda,480,179.78,86294.4
2022-10-19,Beleza,350,89.46,31311.0
2022-10-19,Casa & Jardim,228,279.05,63623.4
2022-10-19,Eletrônicos,273,883.38,241162.74
2022-10-19,Esportes,135,344.22,46469.7
2022-10-19,Moda,489,193.85,94792.65
2022-10-20,Beleza,441,89.61,39518.01
2022-10-20,Casa & Jardim,263,248.37,65321.31
2022-10-20,Eletrônicos,277,820.59,227303.43
2022-10-20,Esportes,132,330.63,43643.16
2022-10-20,Moda,457,177.34,81044.38
2022-10-21,Beleza,499,99.3,49550.7
2022-10-21,Casa & Jardim,251,265.23,66572.73
2022-10-21,Eletrônicos,346,831.38,287657.48
2022-10-21,Esportes,164,296.0,48544.0
2022-10-21,Moda,535,182.12,97434.2
2022-10-22,Beleza,598,101.65,60786.7
2022-10-22,Casa & Jardim,221,241.68,53411.28
2022-10-22,Eletrônicos,452,830.43,375354.36
2022-10-22,Esportes,187,343.57,64247.59
2022-10-22,Moda,621,193.13,119933.73
2022-10-23,Beleza,450,91.1,40995.0
2022-10-23,Casa & Jardim,263,264.34,69521.42
2022-10-23,Eletrônicos,501,916.17,459001.17
2022-10-23,Esportes,184,329.89,60699.76
2022-10-23,Moda,552,190.19,104984.88
2022-10-24,Beleza,394,100.2,39478.8
2022-10-24,Casa & Jardim,193,248.63,47985.59
2022-10-24,Eletrônicos,251,795.84,199755.84
2022-10-24,Esportes,133,311.62,41445.46
2022-10-24,Moda,414,178.25,73795.5
2022-10-25,Beleza,327,101.38,33151.26
2022-10-25,Casa & Jardim,221,266.93,58991.53
2022-10-25,Eletrônicos,307,802.79,246456.53
2022-10-25,Esportes,157,306.41,48106.37
2022-10-25,Moda,437,183.65,80255.05
2022-10-26,Beleza,462,97.28,44943.36
2022-10-26,Casa & Jardim,191,246.0,46986.0
2022-10-26,Eletrônicos,281,807.37,226870.97
2022-10-26,Esportes,200,326.75,65350.0
2022-10-26,Moda,303,192.28,58260.84
2022-10-27,Beleza,356,93.51,33289.56
2022-10-27,Casa & Jardim,182,246.87,44930.34
2022-10-27,Eletrônicos,296,820.77,242947.92
2022-10-27,Esportes,130,307.56,39982.8
2022-10-27,Moda,444,185.41,82322.04
2022-10-28,Beleza,384,88.18,33861.12
2022-10-28,Casa & Jardim,214,241.33,51644.62
2022-10-28,Eletrônicos,357,837.81,299098.17
2022-10-28,Esportes,130,317.4,41262.0
2022-10-28,Moda,480,186.41,89476.8
2022-10-29,Beleza,447,93.49,41790.03
2022-10-29,Casa & Jardim,222,255.75,56776.5
2022-10-29,Eletrônicos,367,915.6,336025.2
2022-10-29,Esportes,185,323.62,59869.7
2022-10-29,Moda,524,174.22,91291.28
2022-10-30,Beleza,499,92.73,46272.27
2022-10-30,Casa & Jardim,179,255.12,45666.48
2022-10-30,Eletrônicos,388,913.85,354573.8
2022-10-30,Esportes,148,331.92,49124.16
2022-10-30,Moda,594,175.93,104502.42
2022-10-31,Beleza,404,89.73,36250.92
2022-10-31,Casa & Jardim,243,274.11,66608.73
2022-10-31,Eletrônicos,267,899.71,240222.57
2022-10-31,Esportes,117,329.52,38553.84
2022-10-31,Moda,391,171.67,67122.97
2022-11-01,Beleza,619,92.97,57548.43
2022-11-01,Casa & Jardim,294,241.78,71083.32
2022-11-01,Eletrônicos,429,805.24,345447.96
2022-11-01,Esportes,203,325.61,66098.83
2022-11-01,Moda,722,193.17,139468.74
2022-11-02,Beleza,539,99.54,53652.06
2022-11-02,Casa & Jardim,270,242.16,65383.2
2022-11-02,Eletrônicos,533,872.94,465277.02
2022-11-02,Esportes,249,324.36,80765.64
2022-11-02,Moda,773,174.09,134571.57
2022-11-03,Beleza,603,98.15,59184.45
2022-11-03,Casa & Jardim,393,275.73,108361.89
2022-11-03,Eletrônicos,509,859.74,437607.66
2022-11-03,Esportes,230,310.47,71408.1
2022-11-03,Moda,758,166.01,125835.58
2022-11-04,Beleza,671,89.01,59725.71
2022-11-04,Casa & Jardim,455,262.41,119396.55
2022-11-04,Eletrônicos,622,820.08,510089.76
2022-11-04,Esportes,203,301.66,61236.98
2022-11-04,Moda,878,186.93,164124.54
2022-11-05,Beleza,709,96.95,68737.55
2022-11-05,Casa & Jardim,423,266.06,112543.38
2022-11-05,Eletrônicos,600,826.02,495612.0
2022-11-05,Esportes,296,329.37,97493.52
2022-11-05,Moda,979,169.71,166146.09
2022-11-06,Beleza,753,96.19,72431.07
2022-11-06,Casa & Jardim,347,241.1,83661.7
2022-11-06,Eletrônicos,684,839.86,574464.24
2022-11-06,Esportes,294,328.23,96499.62
2022-11-06,Moda,996,184.57,183831.72
2022-11-07,Beleza,700,101.25,70875.0
2022-11-07,Casa & Jardim,288,246.27,70925.76
2022-11-07,Eletrônicos,392,797.62,312667.04
2022-11-07,Esportes,219,324.4,71043.6
2022-11-07,Moda,738,187.66,138493.08
2022-11-08,Beleza,495,93.16,46114.2
2022-11-08,Casa & Jardim,286,244.48,69921.28
2022-11-08,Eletrônicos,463,865.04,400513.52
2022-11-08,Esportes,247,344.38,85061.86
2022-11-08,Moda,680,168.15,114342.0
2022-11-09,Beleza,627,100.22,62837.94
2022-11-09,Casa & Jardim,313,249.43,78071.59
2022-11-09,Eletrônicos,527,802.99,423175.73
2022-11-09,Esportes,256,298.65,76454.4
2022-11-09,Moda,785,179.64,141017.4
2022-11-10,Beleza,743,100.58,74730.94
2022-11-10,Casa & Jardim,283,254.1,71910.3
2022-11-10,Eletrônicos,413,847.44,349992.72
2022-11-10,Esportes,239,304.18,72699.02
2022-11-10,Moda,699,177.32,123946.68
2022-11-11,Beleza,834,100.99,84225.66
2022-11-11,Casa & Jardim,408,242.39,98895.12
2022-11-11,Eletrônicos,526,827.78,435412.28
2022-11-11,Esportes,343,336.19,115313.17
2022-11-11,Moda,736,167.5,123280.0
2022-11-12,Beleza,997,98.91,98613.27
2022-11-12,Casa & Jardim,322,239.37,77077.14
2022-11-12,Eletrônicos,655,800.28,524183.4
2022-11-12,Esportes,257,345.0,88665.0
2022-11-12,Moda,837,188.88,158092.56
2022-11-13,Beleza,833,96.62,80484.46
2022-11-13,Casa & Jardim,468,256.29,119943.72
2022-11-13,Eletrônicos,723,816.63,590423.49
2022-11-13,Esportes,283,335.42,94923.86
2022-11-13,Moda,872,192.89,168200.08
2022-11-14,Beleza,632,98.35,62157.2
2022-11-14,Casa & Jardim,359,259.57,93185.63
2022-11-14,Eletrônicos,446,874.68,390107.28
2022-11-14,Esportes,221,325.34,71900.14
2022-11-14,Moda,538,167.81,90281.78
2022-11-15,Beleza,545,88.71,48346.95
2022-11-15,Casa & Jardim,281,253.15,71135.15
2022-11-15,Eletrônicos,492,846.13,416295.96
2022-11-15,Esportes,216,332.41,71800.56
2022-11-15,Moda,669,180.02,120433.38
2022-11-16,Beleza,525,92.53,48578.25
2022-11-16,Casa & Jardim,309,246.57,76190.13
2022-11-16,Eletrônicos,581,838.01,486883.81
2022-11-16,Esportes,193,333.85,64433.05
2022-11-16,Moda,747,167.05,124786.35
2022-11-17,Beleza,623,87.67,54618.41
2022-11-17,Casa & Jardim,387,252.32,97647.84
2022-11-17,Eletrônicos,541,894.96,484173.36
2022-11-17,Esportes,188,344.26,64720.88
2022-11-17,Moda,799,167.7,133992.3
2022-11-18,Beleza,816,96.82,79005.12
2022-11-18,Casa & Jardim,393,255.55,100431.15
2022-11-18,Eletrônicos,557,913.24,508674.68
2022-11-18,Esportes,268,328.36,88000.48
2022-11-18,Moda,664,172.29,114400.56
2022-11-19,Beleza,629,97.49,61321.21
2022-11-19,Casa & Jardim,399,246.65,98413.35
2022-11-19,Eletrônicos,682,909.61,620354.02
2022-11-19,Esportes,253,331.83,83952.99
2022-11-19,Moda,840,173.69,145899.6
2022-11-20,Beleza,762,89.23,67993.26
2022-11-20,Casa & Jardim,398,272.38,108407.24
2022-11-20,Eletrônicos,597,806.65,481570.05
2022-11-20,Esportes,278,306.8,85290.4
2022-11-20,Moda,1001,174.86,175034.86
2022-11-21,Beleza,641,100.34,64317.94
2022-11-21,Casa & Jardim,324,258.96,83903.04
2022-11-21,Eletrônicos,483,860.13,415442.79
2022-11-21,Esportes,228,309.25,70509.0
2022-11-21,Moda,660,179.32,118351.2
2022-11-22,Beleza,1626,102.32,166372.32
2022-11-22,Casa & Jardim,1040,277.57,288672.8
2022-11-22,Eletrônicos,1271,896.49,1139438.79
2022-11-22,Esportes,521,326.6,170158.6
2022-11-22,Moda,1973,193.79,382347.67
2022-11-23,Beleza,1995,88.88,177315.6
2022-11-23,Casa & Jardim,854,253.76,216711.04
2022-11-23,Eletrônicos,1428,809.42,1155851.76
2022-11-23,Esportes,670,308.9,206963.0
2022-11-23,Moda,1668,182.98,305210.64
2022-11-24,Beleza,2002,92.72,185625.44
2022-11-24,Casa & Jardim,865,271.75,235063.75
2022-11-24,Eletrônicos,1349,804.26,1084946.74
2022-11-24,Esportes,604,294.41,177823.64
2022-11-24,Moda,2355,169.14,398324.7
2022-11-25,Beleza,1699,101.51,172465.49
2022-11-25,Casa & Jardim,1025,248.55,254763.75
2022-11-25,Eletrônicos,1679,872.47,1464877.13
2022-11-25,Esportes,720,334.25,240660.0
2022-11-25,Moda,1930,191.19,368996.7
2022-11-26,Beleza,2321,96.38,223697.98
2022-11-26,Casa & Jardim,1172,255.81,299809.32
2022-11-26,Eletrônicos,1740,853.14,1484463.6
2022-11-26,Esportes,914,325.56,297561.84
2022-11-26,Moda,1797,182.47,327898.59
2022-11-27,Beleza,2071,97.32,201549.72
2022-11-27,Casa & Jardim,1191,246.73,293855.43
2022-11-27,Eletrônicos,1999,835.37,1669904.63
2022-11-27,Esportes,837,329.29,275615.73
2022-11-27,Moda,2595,183.59,476416.05
2022-11-28,Beleza,1543,100.22,154639.46
2022-11-28,Casa & Jardim,848,272.44,231029.12
2022-11-28,Eletrônicos,1291,893.06,1152940.46
2022-11-28,Esportes,654,297.65,194663.1
2022-11-28,Moda,1942,172.57,335130.94
2022-11-29,Beleza,495,90.36,44728.2
2022-11-29,Casa & Jardim,341,256.67,87524.47
2022-11-29,Eletrônicos,363,844.92,306705.96
2022-11-29,Esportes,229,322.0,73738.0
2022-11-29,Moda,615,186.16,114488.4
2022-11-30,Beleza,634,98.99,62759.66
2022-11-30,Casa & Jardim,281,263.26,73976.06
2022-11-30,Eletrônicos,435,822.99,358000.65
2022-11-30,Esportes,227,309.14,70174.78
2022-11-30,Moda,732,181.51,132865.32
2022-12-01,Beleza,812,98.25,79779.0
2022-12-01,Casa & Jardim,373,275.24,102664.52
2022-12-01,Eletrônicos,557,813.58,453164.06
2022-12-01,Esportes,273,327.42,89385.66
2022-12-01,Moda,833,180.58,150423.14
2022-12-02,Beleza,821,100.59,82584.39
2022-12-02,Casa & Jardim,423,241.68,102230.64
2022-12-02,Eletrônicos,768,904.34,694533.12
2022-12-02,Esportes,272,313.55,85285.6
2022-12-02,Moda,928,173.42,160933.76
2022-12-03,Beleza,763,93.97,71699.11
2022-12-03,Casa & Jardim,415,256.5,106447.5
2022-12-03,Eletrônicos,793,905.28,717887.04
2022-12-03,Esportes,357,310.83,110966.31
2022-12-03,Moda,952,179.9,171264.8
2022-12-04,Beleza,882,89.57,79000.74
2022-12-04,Casa & Jardim,473,262.02,123935.46
2022-12-04,Eletrônicos,542,866.9,469859.8
2022-12-04,Esportes,322,307.32,98957.04
2022-12-04,Moda,915,183.73,168112.95
2022-12-05,Beleza,703,93.32,65603.96
2022-12-05,Casa & Jardim,356,280.66,99914.96
2022-12-05,Eletrônicos,441,800.94,353214.54
2022-12-05,Esportes,289,299.68,86607.52
2022-12-05,Moda,706,167.16,118014.96
2022-12-06,Beleza,630,100.6,63378.0
2022-12-06,Casa & Jardim,240,244.83,58759.2
2022-12-06,Eletrônicos,584,889.99,519754.16
2022-12-06,Esportes,243,342.68,83271.24
2022-12-06,Moda,649,165.6,107474.4
2022-12-07,Beleza,703,100.8,70862.4
2022-12-07,Casa & Jardim,305,244.73,74642.65
2022-12-07,Eletrônicos,582,903.57,525877.74
2022-12-07,Esportes,237,330.85,78411.45
2022-12-07,Moda,868,180.32,156517.76
2022-12-08,Beleza,1036,98.41,101952.76
2022-12-08,Casa & Jardim,689,245.8,169356.2
2022-12-08,Eletrônicos,1171,889.25,1041311.75
2022-12-08,Esportes,445,314.11,139778.95
2022-12-08,Moda,1207,189.77,229052.39
2022-12-09,Beleza,1230,92.13,113319.9
2022-12-09,Casa & Jardim,597,267.04,159422.88
2022-12-09,Eletrônicos,953,815.79,777447.87
2022-12-09,Esportes,556,343.69,191091.64
2022-12-09,Moda,1444,165.71,239285.24
2022-12-10,Beleza,1397,94.78,132407.66
2022-12-10,Casa & Jardim,636,259.33,164933.88
2022-12-10,Eletrônicos,1040,883.18,918507.2
2022-12-10,Esportes,511,300.88,153749.68
2022-12-10,Moda,1789,174.71,312556.19
2022-12-11,Beleza,1695,99.22,168177.9
2022-12-11,Casa & Jardim,578,263.9,152534.2
2022-12-11,Eletrônicos,1142,885.69,1011457.98
2022-12-11,Esportes,493,313.67,154639.31
2022-12-11,Moda,1436,168.53,242009.08
2022-12-12,Beleza,941,93.12,87625.92
2022-12-12,Casa & Jardim,473,263.14,124465.22
2022-12-12,Eletrônicos,798,901.24,719189.52
2022-12-12,Esportes,289,313.0,90457.0
2022-12-12,Moda,1011,189.87,191958.57
2022-12-13,Beleza,799,92.98,74291.02
2022-12-13,Casa & Jardim,512,262.22,134256.64
2022-12-13,Eletrônicos,924,797.05,736474.2
2022-12-13,Esportes,389,316.73,123207.97
2022-12-13,Moda,1040,174.62,181604.8
2022-12-14,Beleza,1282,92.9,119097.8
2022-12-14,Casa & Jardim,473,262.92,124361.16
2022-12-14,Eletrônicos,813,897.12,729358.56
2022-12-14,Esportes,390,304.37,118704.3
2022-12-14,Moda,1254,178.09,223324.86
2022-12-15,Beleza,1317,95.37,125602.29
2022-12-15,Casa & Jardim,712,240.25,171058.0
2022-12-15,Eletrônicos,1000,890.43,890430.0
2022-12-15,Esportes,515,319.3,164439.5
2022-12-15,Moda,1486,191.81,285029.66
2022-12-16,Beleza,1271,91.62,116449.02
2022-12-16,Casa & Jardim,672,253.96,170661.12
2022-12-16,Eletrônicos,1037,802.39,832078.43
2022-12-16,Esportes,583,309.68,180543.44
2022-12-16,Moda,1719,168.17,289084.23
2022-12-17,Beleza,1866,101.59,189566.94
2022-12-17,Casa & Jardim,882,250.06,220552.92
2022-12-17,Eletrônicos,1461,879.92,1285563.12
2022-12-17,Esportes,530,306.48,162434.4
2022-12-17,Moda,1851,185.39,343156.89
2022-12-18,Beleza,1766,97.25,171743.5
2022-12-18,Casa & Jardim,992,268.11,265965.12
2022-12-18,Eletrônicos,1175,869.2,1021310.0
2022-12-18,Esportes,685,331.8,227283.0
2022-12-18,Moda,1376,183.82,252936.32
2022-12-19,Beleza,1498,87.85,131599.3
2022-12-19,Casa & Jardim,733,269.78,197748.74
2022-12-19,Eletrônicos,1028,816.24,839094.72
2022-12-19,Esportes,418,306.74,128217.32
2022-12-19,Moda,1353,185.87,251482.11
2022-12-20,Beleza,1217,95.7,116466.9
2022-12-20,Casa & Jardim,624,264.58,165097.92
2022-12-20,Eletrônicos,1184,829.01,981547.84
2022-12-20,Esportes,419,342.33,143436.27
2022-12-20,Moda,1491,193.42,288389.22
2022-12-21,Beleza,1679,92.86,155911.94
2022-12-21,Casa & Jardim,557,250.07,139288.99
2022-12-21,Eletrônicos,809,844.83,683467.47
2022-12-21,Esportes,358,339.12,121404.96
2022-12-21,Moda,1631,187.52,305845.12
2022-12-22,Beleza,972,94.49,91844.28
2022-12-22,Casa & Jardim,495,256.63,127031.85
2022-12-22,Eletrônicos,937,910.83,853447.71
2022-12-22,Esportes,382,314.62,120184.84
2022-12-22,Moda,1111,174.18,193513.98
2022-12-23,Beleza,1191,88.2,105046.2
2022-12-23,Casa & Jardim,586,251.19,147197.34
2022-12-23,Eletrônicos,915,850.8,778482.0
2022-12-23,Esportes,363,313.74,113887.62
2022-12-23,Moda,1271,168.63,214328.73
2022-12-24,Beleza,1386,91.1,126264.6
2022-12-24,Casa & Jardim,868,239.47,207859.96
2022-12-24,Eletrônicos,883,865.16,763936.28
2022-12-24,Esportes,440,310.61,136668.4
2022-12-24,Moda,1528,166.99,255160.72
2022-12-25,Beleza,1819,98.72,179571.68
2022-12-25,Casa & Jardim,506,269.76,136498.56
2022-12-25,Eletrônicos,1008,876.74,883753.92
2022-12-25,Esportes,404,323.95,130875.8
2022-12-25,Moda,1613,175.97,283839.61
2022-12-26,Beleza,887,94.4,83732.8
2022-12-26,Casa & Jardim,469,240.2,112653.8
2022-12-26,Eletrônicos,809,907.46,734135.14
2022-12-26,Esportes,392,297.77,116725.84
2022-12-26,Moda,1041,178.06,185360.46
2022-12-27,Beleza,854,91.75,78354.5
2022-12-27,Casa & Jardim,491,246.46,121011.86
2022-12-27,Eletrônicos,652,860.38,560967.76
2022-12-27,Esportes,321,342.37,109900.77
2022-12-27,Moda,1081,178.78,193261.18
2022-12-28,Beleza,1043,97.29,101473.47
2022-12-28,Casa & Jardim,489,258.82,126562.98
2022-12-28,Eletrônicos,803,864.51,694201.53
2022-12-28,Esportes,305,313.72,95684.6
2022-12-28,Moda,997,176.25,175721.25
2022-12-29,Beleza,605,99.93,60457.65
2022-12-29,Casa & Jardim,366,262.1,95928.6
2022-12-29,Eletrônicos,679,909.07,617258.53
2022-12-29,Esportes,227,300.9,68304.3
2022-12-29,Moda,679,167.11,113467.69
2022-12-30,Beleza,729,91.56,66747.24
2022-12-30,Casa & Jardim,367,256.15,94007.05
2022-12-30,Eletrônicos,595,907.88,540188.6
2022-12-30,Esportes,327,297.4,97249.8
2022-12-30,Moda,840,189.28,158995.2
2022-12-31,Beleza,896,102.3,91660.8
2022-12-31,Casa & Jardim,515,247.37,127395.55
2022-12-31,Eletrônicos,643,915.94,588949.42
2022-12-31,Esportes,306,303.31,92812.86
2022-12-31,Moda,1208,190.09,229628.72
2023-01-01,Beleza,253,87.51,22140.03
2023-01-01,Casa & Jardim,105,240.14,25214.7
2023-01-01,Eletrônicos,163,896.09,146062.67
2023-01-01,Esportes,73,333.35,24334.55
2023-01-01,Moda,250,179.2,44800.0
2023-01-02,Beleza,170,95.28,16197.6
2023-01-02,Casa & Jardim,80,276.25,22100.0
2023-01-02,Eletrônicos,124,862.41,106938.84
2023-01-02,Esportes,58,313.83,18202.14
2023-01-02,Moda,151,190.95,28833.45
2023-01-03,Beleza,151,101.4,15311.4
2023-01-03,Casa & Jardim,86,264.03,22706.58
2023-01-03,Eletrônicos,136,836.26,113731.36
2023-01-03,Esportes,53,320.34,16978.02
2023-01-03,Moda,181,183.1,33141.1
2023-01-04,Beleza,149,102.12,15215.88
2023-01-04,Casa & Jardim,77,270.39,20820.03
2023-01-04,Eletrônicos,124,891.19,110507.56
2023-01-04,Esportes,47,309.51,14546.97
2023-01-04,Moda,155,174.1,26985.5
2023-01-05,Beleza,128,101.76,13025.28
2023-01-05,Casa & Jardim,97,277.18,26886.46
2023-01-05,Eletrônicos,124,782.63,97046.12
2023-01-05,Esportes,65,331.95,21576.75
2023-01-05,Moda,191,186.87,35692.17
2023-01-06,Beleza,237,97.64,23140.68
2023-01-06,Casa & Jardim,80,250.38,20030.4
2023-01-06,Eletrônicos,130,855.09,111161.7
2023-01-06,Esportes,67,299.4,20059.8
2023-01-06,Moda,185,174.69,32317.65
2023-01-07,Beleza,211,91.05,19211.55
2023-01-07,Casa & Jardim,110,247.46,27220.6
2023-01-07,Eletrônicos,138,907.1,125179.8
2023-01-07,Esportes,81,340.37,27569.97
2023-01-07,Moda,205,186.14,38158.7
2023-01-08,Beleza,348,94.54,32899.92
2023-01-08,Casa & Jardim,173,262.29,45376.17
2023-01-08,Eletrônicos,258,882.3,227633.4
2023-01-08,Esportes,153,312.81,47859.93
2023-01-08,Moda,515,171.34,88240.1
2023-01-09,Beleza,373,92.82,34621.86
2023-01-09,Casa & Jardim,125,263.66,32957.5
2023-01-09,Eletrônicos,192,843.5,161952.0
2023-01-09,Esportes,82,300.84,24668.88
2023-01-09,Moda,303,176.19,53385.57
2023-01-10,Beleza,236,89.9,21216.4
2023-01-10,Casa & Jardim,173,242.59,41968.07
2023-01-10,Eletrônicos,211,801.16,169044.76
2023-01-10,Esportes,110,304.79,33526.9
2023-01-10,Moda,327,167.27,54697.29
2023-01-11,Beleza,339,97.49,33049.11
2023-01-11,Casa & Jardim,126,242.85,30599.1
2023-01-11,Eletrônicos,192,805.99,154750.08
2023-01-11,Esportes,145,317.54,46043.3
2023-01-11,Moda,324,173.31,56152.44
2023-01-12,Beleza,300,92.54,27762.0
2023-01-12,Casa & Jardim,152,248.1,37711.2
2023-01-12,Eletrônicos,172,906.42,155904.24
2023-01-12,Esportes,117,299.36,35025.12
2023-01-12,Moda,295,189.66,55949.7
2023-01-13,Beleza,370,102.11,37780.7
2023-01-13,Casa & Jardim,146,250.98,36643.08
2023-01-13,Eletrônicos,267,831.29,221954.43
2023-01-13,Esportes,147,322.46,47401.62
2023-01-13,Moda,366,179.79,65803.14
2023-01-14,Beleza,413,100.93,41684.09
2023-01-14,Casa & Jardim,226,239.78,54190.28
2023-01-14,Eletrônicos,384,783.78,300971.52
2023-01-14,Esportes,161,326.61,52584.21
2023-01-14,Moda,381,177.24,67528.44
2023-01-15,Beleza,415,87.82,36445.3
2023-01-15,Casa & Jardim,183,266.21,48716.43
2023-01-15,Eletrônicos,346,872.24,301795.04
2023-01-15,Esportes,153,302.22,46239.66
2023-01-15,Moda,565,165.89,93727.85
2023-01-16,Beleza,379,91.15,34545.85
2023-01-16,Casa & Jardim,162,278.0,45036.0
2023-01-16,Eletrônicos,218,793.61,173006.98
2023-01-16,Esportes,119,295.65,35182.35
2023-01-16,Moda,346,178.97,61923.62
2023-01-17,Beleza,357,95.87,34225.59
2023-01-17,Casa & Jardim,148,240.04,35525.92
2023-01-17,Eletrônicos,191,917.57,175255.87
2023-01-17,Esportes,117,315.48,36911.16
2023-01-17,Moda,305,185.11,56458.55
2023-01-18,Beleza,268,98.69,26448.92
2023-01-18,Casa & Jardim,193,266.78,51488.54
2023-01-18,Eletrônicos,314,791.12,248411.68
2023-01-18,Esportes,125,305.47,38183.75
2023-01-18,Moda,344,174.58,60055.52
2023-01-19,Beleza,319,88.74,28308.06
2023-01-19,Casa & Jardim,126,267.45,33698.7
2023-01-19,Eletrônicos,240,883.99,212157.6
2023-01-19,Esportes,96,324.65,31166.4
2023-01-19,Moda,363,180.61,65561.43
2023-01-20,Beleza,277,93.69,25952.13
2023-01-20,Casa & Jardim,152,275.8,41921.6
2023-01-20,Eletrônicos,276,809.9,223532.4
2023-01-20,Esportes,143,307.29,43942.47
2023-01-20,Moda,410,193.71,79421.1
2023-01-21,Beleza,429,102.46,43955.34
2023-01-21,Casa & Jardim,220,241.25,53075.0
2023-01-21,Eletrônicos,303,807.93,244802.79
2023-01-21,Esportes,139,344.63,47903.57
2023-01-21,Moda,466,169.06,78781.96
2023-01-22,Beleza,434,91.62,39763.08
2023-01-22,Casa & Jardim,200,249.86,49972.0
2023-01-22,Eletrônicos,302,858.82,259363.64
2023-01-22,Esportes,165,298.78,49298.7
2023-01-22,Moda,454,173.25,78655.5
2023-01-23,Beleza,222,94.1,20890.2
2023-01-23,Casa & Jardim,139,248.38,34524.82
2023-01-23,Eletrônicos,212,790.94,167679.28
2023-01-23,Esportes,112,303.79,34024.48
2023-01-23,Moda,319,175.63,56025.97
2023-01-24,Beleza,274,100.43,27517.82
2023-01-24,Casa & Jardim,177,249.15,44099.55
2023-01-24,Eletrônicos,212,853.32,180903.84
2023-01-24,Esportes,88,325.71,28662.48
2023-01-24,Moda,367,176.31,64705.77
2023-01-25,Beleza,318,90.49,28775.82
2023-01-25,Casa & Jardim,146,270.73,39526.58
2023-01-25,Eletrônicos,277,841.94,233217.38
2023-01-25,Esportes,128,330.04,42245.12
2023-01-25,Moda,329,190.0,62510.0
2023-01-26,Beleza,314,100.68,31613.52
2023-01-26,Casa & Jardim,138,256.28,35366.64
2023-01-26,Eletrônicos,277,803.11,222461.47
2023-01-26,Esportes,102,297.97,30392.94
2023-01-26,Moda,335,166.28,55703.8
2023-01-27,Beleza,294,95.18,27982.92
2023-01-27,Casa & Jardim,194,247.92,48096.48
2023-01-27,Eletrônicos,210,806.74,169415.4
2023-01-27,Esportes,121,324.55,39270.55
2023-01-27,Moda,384,188.07,72218.88
2023-01-28,Beleza,340,101.7,34578.0
2023-01-28,Casa & Jardim,196,278.08,54503.68
2023-01-28,Eletrônicos,260,869.58,226090.8
2023-01-28,Esportes,176,320.5,56408.0
2023-01-28,Moda,443,178.79,79203.97
2023-01-29,Beleza,377,100.42,37858.34
2023-01-29,Casa & Jardim,195,251.82,49104.9
2023-01-29,Eletrônicos,276,837.59,231174.84
2023-01-29,Esportes,144,316.03,45508.32
2023-01-29,Moda,349,167.49,58454.01
2023-01-30,Beleza,271,93.42,25316.82
2023-01-30,Casa & Jardim,155,267.97,41535.35
2023-01-30,Eletrônicos,253,785.69,198779.57
2023-01-30,Esportes,101,311.58,31469.58
2023-01-30,Moda,286,172.17,49240.62
2023-01-31,Beleza,265,93.26,24713.9
2023-01-31,Casa & Jardim,151,279.37,42184.87
2023-01-31,Eletrônicos,255,812.19,207108.45
2023-01-31,Esportes,101,344.37,34781.37
2023-01-31,Moda,301,187.13,56326.13
2023-02-01,Beleza,141,101.31,14284.71
2023-02-01,Casa & Jardim,73,267.14,19501.22
2023-02-01,Eletrônicos,143,784.68,112209.24
2023-02-01,Esportes,58,324.5,18821.0
2023-02-01,Moda,150,179.25,26887.5
2023-02-02,Beleza,172,102.42,17616.24
2023-02-02,Casa & Jardim,83,269.54,22371.82
2023-02-02,Eletrônicos,118,796.16,93946.88
2023-02-02,Esportes,69,337.78,23306.82
2023-02-02,Moda,189,193.33,36539.37
2023-02-03,Beleza,234,94.47,22105.98
2023-02-03,Casa & Jardim,82,260.19,21335.58
2023-02-03,Eletrônicos,144,870.77,125390.88
2023-02-03,Esportes,68,298.21,20278.28
2023-02-03,Moda,219,167.78,36743.82
2023-02-04,Beleza,192,101.8,19545.6
2023-02-04,Casa & Jardim,115,252.19,29001.85
2023-02-04,Eletrônicos,186,814.39,151476.54
2023-02-04,Esportes,81,320.53,25962.93
2023-02-04,Moda,210,171.24,35960.4
2023-02-05,Beleza,212,99.06,21000.72
2023-02-05,Casa & Jardim,137,270.2,37017.4
2023-02-05,Eletrônicos,167,880.23,146998.41
2023-02-05,Esportes,86,326.03,28038.58
2023-02-05,Moda,223,169.66,37834.18
2023-02-06,Beleza,174,98.37,17116.38
2023-02-06,Casa & Jardim,72,248.86,17917.92
2023-02-06,Eletrônicos,123,898.37,110499.51
2023-02-06,Esportes,63,327.39,20625.57
2023-02-06,Moda,209,182.25,38090.25
2023-02-07,Beleza,130,101.71,13222.3
2023-02-07,Casa & Jardim,65,247.46,16084.9
2023-02-07,Eletrônicos,119,872.86,103870.34
2023-02-07,Esportes,53,330.68,17526.04
2023-02-07,Moda,185,169.83,31418.55
2023-02-08,Beleza,278,99.17,27569.26
2023-02-08,Casa & Jardim,128,271.79,34789.12
2023-02-08,Eletrônicos,252,809.88,204089.76
2023-02-08,Esportes,113,305.4,34510.2
2023-02-08,Moda,324,176.78,57276.72
2023-02-09,Beleza,324,95.94,31084.56
2023-02-09,Casa & Jardim,139,270.45,37592.55
2023-02-09,Eletrônicos,243,783.77,190456.11
2023-02-09,Esportes,99,315.82,31266.18
2023-02-09,Moda,362,185.01,66973.62
2023-02-10,Beleza,287,89.32,25634.84
2023-02-10,Casa & Jardim,177,276.52,48944.04
2023-02-10,Eletrônicos,246,793.63,195232.98
2023-02-10,Esportes,105,320.44,33646.2
2023-02-10,Moda,323,192.02,62022.46
2023-02-11,Beleza,376,95.45,35889.2
2023-02-11,Casa & Jardim,177,278.98,49379.46
2023-02-11,Eletrônicos,304,839.31,255150.24
2023-02-11,Esportes,110,295.89,32547.9
2023-02-11,Moda,350,173.97,60889.5
2023-02-12,Beleza,408,102.13,41669.04
2023-02-12,Casa & Jardim,190,254.87,48425.3
2023-02-12,Eletrônicos,247,903.4,223139.8
2023-02-12,Esportes,131,325.38,42624.78
2023-02-12,Moda,451,185.98,83876.98
2023-02-13,Beleza,358,94.76,33924.08
2023-02-13,Casa & Jardim,128,259.42,33205.76
2023-02-13,Eletrônicos,201,817.28,164273.28
2023-02-13,Esportes,82,338.79,27780.78
2023-02-13,Moda,296,167.39,49547.44
2023-02-14,Beleza,264,100.18,26447.52
2023-02-14,Casa & Jardim,128,243.73,31197.44
2023-02-14,Eletrônicos,235,833.64,195905.4
2023-02-14,Esportes,87,332.63,28938.81
2023-02-14,Moda,261,169.47,44231.67
2023-02-15,Beleza,255,102.55,26150.25
2023-02-15,Casa & Jardim,126,272.85,34379.1
2023-02-15,Eletrônicos,182,866.88,157772.16
2023-02-15,Esportes,102,301.1,30712.2
2023-02-15,Moda,392,193.19,75730.48
2023-02-16,Beleza,230,101.18,23271.4
2023-02-16,Casa & Jardim,125,275.62,34452.5
2023-02-16,Eletrônicos,244,837.68,204393.92
2023-02-16,Esportes,121,330.05,39936.05
2023-02-16,Moda,260,180.02,46805.2
2023-02-17,Beleza,298,90.31,26912.38
2023-02-17,Casa & Jardim,178,274.86,48925.08
2023-02-17,Eletrônicos,199,822.05,163587.95
2023-02-17,Esportes,115,297.73,34238.95
2023-02-17,Moda,364,185.17,67401.88
2023-02-18,Beleza,313,88.02,27550.26
2023-02-18,Casa & Jardim,176,271.01,47697.76
2023-02-18,Eletrônicos,359,910.99,327045.41
2023-02-18,Esportes,115,336.66,38715.9
2023-02-18,Moda,398,188.84,75158.32
2023-02-19,Beleza,447,92.68,41427.96
2023-02-19,Casa & Jardim,192,278.51,53473.92
2023-02-19,Eletrônicos,270,900.11,243029.7
2023-02-19,Esportes,132,332.51,43891.32
2023-02-19,Moda,384,178.84,68674.56
2023-02-20,Beleza,302,101.82,30749.64
2023-02-20,Casa & Jardim,123,267.59,32913.57
2023-02-20,Eletrônicos,225,848.29,190865.25
2023-02-20,Esportes,114,326.12,37177.68
2023-02-20,Moda,229,166.86,38210.94
2023-02-21,Beleza,229,91.47,20946.63
2023-02-21,Casa & Jardim,131,266.06,34853.86
2023-02-21,Eletrônicos,210,839.83,176364.3
2023-02-21,Esportes,93,334.63,31120.59
2023-02-21,Moda,347,170.37,59118.39
2023-02-22,Beleza,254,101.6,25806.4
2023-02-22,Casa & Jardim,108,260.44,28127.52
2023-02-22,Eletrônicos,224,785.06,175853.44
2023-02-22,Esportes,120,318.08,38169.6
2023-02-22,Moda,257,167.04,42929.28
2023-02-23,Beleza,290,99.05,28724.5
2023-02-23,Casa & Jardim,137,272.58,37343.46
2023-02-23,Eletrônicos,236,868.15,204883.4
2023-02-23,Esportes,105,318.09,33399.45
2023-02-23,Moda,306,189.9,58109.4
2023-02-24,Beleza,367,97.24,35687.08
2023-02-24,Casa & Jardim,148,275.03,40704.44
2023-02-24,Eletrônicos,209,817.07,170767.63
2023-02-24,Esportes,130,334.6,43498.0
2023-02-24,Moda,339,193.27,65518.53
2023-02-25,Beleza,394,102.13,40239.22
2023-02-25,Casa & Jardim,214,270.48,57882.72
2023-02-25,Eletrônicos,300,915.88,274764.0
2023-02-25,Esportes,140,303.61,42505.4
2023-02-25,Moda,437,171.27,74844.99
2023-02-26,Beleza,383,95.26,36484.58
2023-02-26,Casa & Jardim,157,272.98,42857.86
2023-02-26,Eletrônicos,282,853.49,240684.18
2023-02-26,Esportes,157,318.35,49980.95
2023-02-26,Moda,331,178.19,58980.89
2023-02-27,Beleza,279,89.18,24881.22
2023-02-27,Casa & Jardim,133,274.91,36563.03
2023-02-27,Eletrônicos,202,784.5,158469.0
2023-02-27,Esportes,130,336.9,43797.0
2023-02-27,Moda,316,182.69,57730.04
2023-02-28,Beleza,231,96.41,22270.71
2023-02-28,Casa & Jardim,137,244.68,33521.16
2023-02-28,Eletrônicos,189,906.34,171298.26
2023-02-28,Esportes,91,296.92,27019.72
2023-02-28,Moda,295,193.86,57188.7
2023-03-01,Beleza,352,94.73,33344.96
2023-03-01,Casa & Jardim,197,267.39,52675.83
2023-03-01,Eletrônicos,282,819.27,231034.14
2023-03-01,Esportes,131,304.5,39889.5
2023-03-01,Moda,353,171.08,60391.24
2023-03-02,Beleza,358,101.85,36462.3
2023-03-02,Casa & Jardim,199,249.7,49690.3
2023-03-02,Eletrônicos,253,857.37,216914.61
2023-03-02,Esportes,152,310.64,47217.28
2023-03-02,Moda,416,187.41,77962.56
2023-03-03,Beleza,344,93.23,32071.12
2023-03-03,Casa & Jardim,201,241.43,48527.43
2023-03-03,Eletrônicos,364,810.07,294865.48
2023-03-03,Esportes,154,297.05,45745.7
2023-03-03,Moda,447,170.26,76106.22
2023-03-04,Beleza,569,96.58,54954.02
2023-03-04,Casa & Jardim,234,269.05,62957.7
2023-03-04,Eletrônicos,389,783.5,304781.5
2023-03-04,Esportes,138,302.52,41747.76
2023-03-04,Moda,633,172.72,109331.76
2023-03-05,Beleza,426,91.94,39166.44
2023-03-05,Casa & Jardim,263,255.15,67104.45
2023-03-05,Eletrônicos,373,863.67,322148.91
2023-03-05,Esportes,163,306.35,49935.05
2023-03-05,Moda,490,184.05,90184.5
2023-03-06,Beleza,289,102.08,29501.12
2023-03-06,Casa & Jardim,168,246.2,41361.6
2023-03-06,Eletrônicos,303,872.44,264349.32
2023-03-06,Esportes,129,317.61,40971.69
2023-03-06,Moda,333,181.87,60562.71
2023-03-07,Beleza,313,89.39,27979.07
2023-03-07,Casa & Jardim,168,247.07,41507.76
2023-03-07,Eletrônicos,209,852.57,178187.13
2023-03-07,Esportes,147,317.3,46643.1
2023-03-07,Moda,382,187.82,71747.24
2023-03-08,Beleza,339,90.77,30771.03
2023-03-08,Casa & Jardim,202,269.17,54372.34
2023-03-08,Eletrônicos,237,788.39,186848.43
2023-03-08,Esportes,130,334.84,43529.2
2023-03-08,Moda,368,165.86,61036.48
2023-03-09,Beleza,358,99.26,35535.08
2023-03-09,Casa & Jardim,243,258.37,62783.91
2023-03-09,Eletrônicos,304,793.26,241151.04
2023-03-09,Esportes,119,302.4,35985.6
2023-03-09,Moda,395,175.88,69472.6
2023-03-10,Beleza,395,88.69,35032.55
2023-03-10,Casa & Jardim,210,273.67,57470.7
2023-03-10,Eletrônicos,295,864.03,254888.85
2023-03-10,Esportes,155,316.78,49100.9
2023-03-10,Moda,384,174.86,67146.24
2023-03-11,Beleza,466,99.68,46450.88
2023-03-11,Casa & Jardim,248,243.58,60407.84
2023-03-11,Eletrônicos,342,821.26,280870.92
2023-03-11,Esportes,204,324.13,66122.52
2023-03-11,Moda,549,190.02,104320.98
2023-03-12,Beleza,467,100.39,46882.13
2023-03-12,Casa & Jardim,253,274.1,69347.3
2023-03-12,Eletrônicos,306,830.37,254093.22
2023-03-12,Esportes,156,314.27,49026.12
2023-03-12,Moda,474,177.95,84348.3
2023-03-13,Beleza,346,97.78,33831.88
2023-03-13,Casa & Jardim,197,254.3,50097.1
2023-03-13,Eletrônicos,240,859.03,206167.2
2023-03-13,Esportes,118,323.87,38216.66
2023-03-13,Moda,386,166.44,64245.84
2023-03-14,Beleza,346,95.13,32914.98
2023-03-14,Casa & Jardim,187,275.78,51570.86
2023-03-14,Eletrônicos,296,846.74,250635.04
2023-03-14,Esportes,113,316.08,35717.04
2023-03-14,Moda,465,169.01,78589.65
2023-03-15,Beleza,370,90.94,33647.8
2023-03-15,Casa & Jardim,163,256.16,41754.08
2023-03-15,Eletrônicos,293,881.63,258317.59
2023-03-15,Esportes,110,328.34,36117.4
2023-03-15,Moda,372,173.92,64698.24
2023-03-16,Beleza,383,102.31,39184.73
2023-03-16,Casa & Jardim,187,276.07,51625.09
2023-03-16,Eletrônicos,292,811.23,236879.16
2023-03-16,Esportes,134,338.05,45298.7
2023-03-16,Moda,433,194.21,84092.93
2023-03-17,Beleza,446,89.77,40037.42
2023-03-17,Casa & Jardim,231,250.46,57856.26
2023-03-17,Eletrônicos,301,849.51,255702.51
2023-03-17,Esportes,149,344.35,51308.15
2023-03-17,Moda,437,166.89,72930.93
2023-03-18,Beleza,430,99.45,42763.5
2023-03-18,Casa & Jardim,277,249.55,69125.35
2023-03-18,Eletrônicos,375,863.17,323688.75
2023-03-18,Esportes,140,311.46,43604.4
2023-03-18,Moda,472,176.9,83496.8
2023-03-19,Beleza,425,90.24,38352.0
2023-03-19,Casa & Jardim,225,271.46,61078.5
2023-03-19,Eletrônicos,417,796.5,332140.5
2023-03-19,Esportes,153,325.43,49790.79
2023-03-19,Moda,589,187.32,110331.48
2023-03-20,Beleza,388,95.83,37182.04
2023-03-20,Casa & Jardim,177,255.55,45232.35
2023-03-20,Eletrônicos,249,792.22,197262.78
2023-03-20,Esportes,129,298.99,38569.71
2023-03-20,Moda,299,188.28,56295.72
2023-03-21,Beleza,315,101.1,31846.5
2023-03-21,Casa & Jardim,173,254.56,44038.88
2023-03-21,Eletrônicos,260,875.62,227661.2
2023-03-21,Esportes,132,324.59,42845.88
2023-03-21,Moda,408,172.83,70514.64
2023-03-22,Beleza,346,97.57,33759.22
2023-03-22,Casa & Jardim,175,254.06,44460.5
2023-03-22,Eletrônicos,343,841.14,288511.02
2023-03-22,Esportes,144,317.44,45711.36
2023-03-22,Moda,302,184.51,55722.02
2023-03-23,Beleza,354,100.9,35718.6
2023-03-23,Casa & Jardim,187,257.53,48158.11
2023-03-23,Eletrônicos,312,890.72,277904.64
2023-03-23,Esportes,146,324.27,47343.42
2023-03-23,Moda,441,172.52,76081.32
2023-03-24,Beleza,539,90.27,48655.53
2023-03-24,Casa & Jardim,158,275.8,43576.4
2023-03-24,Eletrônicos,302,876.48,264696.96
2023-03-24,Esportes,150,321.97,48295.5
2023-03-24,Moda,448,171.96,77038.08
2023-03-25,Beleza,423,99.64,42147.72
2023-03-25,Casa & Jardim,344,244.96,84266.24
2023-03-25,Eletrônicos,398,831.09,330773.82
2023-03-25,Esportes,144,294.59,42420.96
2023-03-25,Moda,456,166.72,76024.32
2023-03-26,Beleza,415,95.9,39798.5
2023-03-26,Casa & Jardim,302,280.08,84584.16
2023-03-26,Eletrônicos,301,794.46,239132.46
2023-03-26,Esportes,164,306.77,50310.28
2023-03-26,Moda,479,192.97,92432.63
2023-03-27,Beleza,343,95.04,32598.72
2023-03-27,Casa & Jardim,167,266.79,44553.93
2023-03-27,Eletrônicos,269,807.18,217131.42
2023-03-27,Esportes,94,317.36,29831.84
2023-03-27,Moda,407,182.35,74216.45
2023-03-28,Beleza,325,92.48,30056.0
2023-03-28,Casa & Jardim,163,263.97,43027.11
2023-03-28,Eletrônicos,282,855.7,241307.4
2023-03-28,Esportes,124,344.61,42731.64
2023-03-28,Moda,459,180.48,82840.32
2023-03-29,Beleza,307,95.33,29266.31
2023-03-29,Casa & Jardim,143,271.86,38875.98
2023-03-29,Eletrônicos,290,891.69,258590.1
2023-03-29,Esportes,119,301.24,35847.56
2023-03-29,Moda,318,187.45,59609.1
2023-03-30,Beleza,360,98.97,35629.2
2023-03-30,Casa & Jardim,146,247.34,36111.64
2023-03-30,Eletrônicos,309,871.59,269321.31
2023-03-30,Esportes,104,296.86,30873.44
2023-03-30,Moda,356,191.35,68120.6
2023-03-31,Beleza,412,98.24,40474.88
2023-03-31,Casa & Jardim,217,256.63,55688.71
2023-03-31,Eletrônicos,358,815.95,292110.1
2023-03-31,Esportes,157,333.35,52335.95
2023-03-31,Moda,381,192.86,73479.66
2023-04-01,Beleza,468,98.87,46271.16
2023-04-01,Casa & Jardim,281,258.25,72568.25
2023-04-01,Eletrônicos,415,848.56,352152.4
2023-04-01,Esportes,217,302.07,65549.19
2023-04-01,Moda,529,188.07,99489.03
2023-04-02,Beleza,480,101.92,48921.6
2023-04-02,Casa & Jardim,269,260.54,70085.26
2023-04-02,Eletrônicos,406,806.56,327463.36
2023-04-02,Esportes,148,306.08,45299.84
2023-04-02,Moda,595,179.32,106695.4
2023-04-03,Beleza,333,90.19,30033.27
2023-04-03,Casa & Jardim,164,252.55,41418.2
2023-04-03,Eletrônicos,295,859.24,253475.8
2023-04-03,Esportes,141,294.99,41593.59
2023-04-03,Moda,333,182.62,60812.46
2023-04-04,Beleza,308,96.17,29620.36
2023-04-04,Casa & Jardim,192,253.55,48681.6
2023-04-04,Eletrônicos,244,907.72,221483.68
2023-04-04,Esportes,123,300.38,36946.74
2023-04-04,Moda,383,170.96,65477.68
2023-04-05,Beleza,355,97.99,34786.45
2023-04-05,Casa & Jardim,183,241.48,44190.84
2023-04-05,Eletrônicos,334,914.06,305296.04
2023-04-05,Esportes,125,344.88,43110.0
2023-04-05,Moda,452,171.56,77545.12
2023-04-06,Beleza,342,95.91,32801.22
2023-04-06,Casa & Jardim,183,248.34,45446.22
2023-04-06,Eletrônicos,303,899.24,272469.72
2023-04-06,Esportes,129,304.59,39292.11
2023-04-06,Moda,399,167.65,66892.35
2023-04-07,Beleza,373,95.94,35785.62
2023-04-07,Casa & Jardim,184,239.21,44014.64
2023-04-07,Eletrônicos,373,896.86,334528.78
2023-04-07,Esportes,152,324.49,49322.48
2023-04-07,Moda,347,188.95,65565.65
2023-04-08,Beleza,399,87.49,34908.51
2023-04-08,Casa & Jardim,227,244.21,55435.67
2023-04-08,Eletrônicos,440,787.03,346293.2
2023-04-08,Esportes,174,327.2,56932.8
2023-04-08,Moda,555,189.67,105266.85
2023-04-09,Beleza,503,101.38,50994.14
2023-04-09,Casa & Jardim,259,242.01,62680.59
2023-04-09,Eletrônicos,363,863.09,313301.67
2023-04-09,Esportes,178,315.59,56175.02
2023-04-09,Moda,618,187.81,116066.58
2023-04-10,Beleza,347,91.51,31753.97
2023-04-10,Casa & Jardim,188,257.11,48336.68
2023-04-10,Eletrônicos,274,792.47,217136.78
2023-04-10,Esportes,121,327.89,39674.69
2023-04-10,Moda,349,184.45,64373.05
2023-04-11,Beleza,400,100.8,40320.0
2023-04-11,Casa & Jardim,179,244.16,43704.64
2023-04-11,Eletrônicos,268,876.7,234955.6
2023-04-11,Esportes,119,315.71,37569.49
2023-04-11,Moda,310,177.85,55133.5
2023-04-12,Beleza,296,101.72,30109.12
2023-04-12,Casa & Jardim,143,254.79,36434.97
2023-04-12,Eletrônicos,343,790.89,271275.27
2023-04-12,Esportes,146,323.33,47206.18
2023-04-12,Moda,422,166.68,70338.96
2023-04-13,Beleza,370,97.57,36100.9
2023-04-13,Casa & Jardim,196,265.05,51949.8
2023-04-13,Eletrônicos,274,824.88,226017.12
2023-04-13,Esportes,126,338.36,42633.36
2023-04-13,Moda,438,165.6,72532.8
2023-04-14,Beleza,448,93.64,41950.72
2023-04-14,Casa & Jardim,202,240.68,48617.36
2023-04-14,Eletrônicos,410,825.35,338393.5
2023-04-14,Esportes,165,328.88,54265.2
2023-04-14,Moda,447,177.6,79387.2
2023-04-15,Beleza,463,90.3,41808.9
2023-04-15,Casa & Jardim,258,280.56,72384.48
2023-04-15,Eletrônicos,403,867.12,349449.36
2023-04-15,Esportes,175,300.29,52550.75
2023-04-15,Moda,500,193.62,96810.0
2023-04-16,Beleza,489,99.42,48616.38
2023-04-16,Casa & Jardim,283,253.4,71712.2
2023-04-16,Eletrônicos,400,813.68,325472.0
2023-04-16,Esportes,168,342.78,57587.04
2023-04-16,Moda,535,172.11,92078.85
2023-04-17,Beleza,294,93.24,27412.56
2023-04-17,Casa & Jardim,172,257.68,44320.96
2023-04-17,Eletrônicos,321,785.32,252087.72
2023-04-17,Esportes,167,301.65,50375.55
2023-04-17,Moda,349,172.24,60111.76
2023-04-18,Beleza,336,100.39,33731.04
2023-04-18,Casa & Jardim,178,275.04,48957.12
2023-04-18,Eletrônicos,282,909.71,256538.22
2023-04-18,Esportes,111,343.39,38116.29
2023-04-18,Moda,337,165.64,55820.68
2023-04-19,Beleza,339,89.19,30235.41
2023-04-19,Casa & Jardim,237,275.23,65229.51
2023-04-19,Eletrônicos,336,890.63,299251.68
2023-04-19,Esportes,165,311.29,51362.85
2023-04-19,Moda,441,186.97,82453.77
2023-04-20,Beleza,433,91.23,39502.59
2023-04-20,Casa & Jardim,198,259.3,51341.4
2023-04-20,Eletrônicos,287,847.26,243163.62
2023-04-20,Esportes,156,345.37,53877.72
2023-04-20,Moda,366,190.03,69550.98
2023-04-21,Beleza,446,95.51,42597.46
2023-04-21,Casa & Jardim,216,280.25,60534.0
2023-04-21,Eletrônicos,409,867.34,354742.06
2023-04-21,Esportes,148,307.34,45486.32
2023-04-21,Moda,386,174.97,67538.42
2023-04-22,Beleza,549,96.47,52962.03
2023-04-22,Casa & Jardim,225,261.6,58860.0
2023-04-22,Eletrônicos,374,839.3,313898.2
2023-04-22,Esportes,203,309.5,62828.5
2023-04-22,Moda,500,186.12,93060.0
2023-04-23,Beleza,566,95.35,53968.1
2023-04-23,Casa & Jardim,269,280.47,75446.43
2023-04-23,Eletrônicos,462,882.31,407627.22
2023-04-23,Esportes,130,295.18,38373.4
2023-04-23,Moda,505,176.28,89021.4
2023-04-24,Beleza,346,89.17,30852.82
2023-04-24,Casa & Jardim,162,239.49,38797.38
2023-04-24,Eletrônicos,275,830.23,228313.25
2023-04-24,Esportes,123,317.11,39004.53
2023-04-24,Moda,421,191.58,80655.18
2023-04-25,Beleza,360,101.64,36590.4
2023-04-25,Casa & Jardim,205,255.98,52475.9
2023-04-25,Eletrônicos,270,821.06,221686.2
2023-04-25,Esportes,116,303.16,35166.56
2023-04-25,Moda,358,182.61,65374.38
2023-04-26,Beleza,330,92.09,30389.7
2023-04-26,Casa & Jardim,201,253.23,50899.23
2023-04-26,Eletrônicos,262,787.72,206382.64
2023-04-26,Esportes,144,298.76,43021.44
2023-04-26,Moda,483,184.64,89181.12
2023-04-27,Beleza,406,91.17,37015.02
2023-04-27,Casa & Jardim,180,273.62,49251.6
2023-04-27,Eletrônicos,279,784.43,218855.97
2023-04-27,Esportes,154,327.68,50462.72
2023-04-27,Moda,425,186.03,79062.75
2023-04-28,Beleza,467,87.95,41072.65
2023-04-28,Casa & Jardim,198,242.04,47923.92
2023-04-28,Eletrônicos,344,834.27,286988.88
2023-04-28,Esportes,167,294.55,49189.85
2023-04-28,Moda,431,170.42,73451.02
2023-04-29,Beleza,520,90.43,47023.6
2023-04-29,Casa & Jardim,227,246.98,56064.46
2023-04-29,Eletrônicos,406,874.43,355018.58
2023-04-29,Esportes,186,307.09,57118.74
2023-04-29,Moda,571,193.02,110214.42
2023-04-30,Beleza,465,93.04,43263.6
2023-04-30,Casa & Jardim,197,256.56,50542.32
2023-04-30,Eletrônicos,437,910.48,397879.76
2023-04-30,Esportes,202,299.08,60414.16
2023-04-30,Moda,632,166.82,105430.24
2023-05-01,Beleza,533,89.12,47500.96
2023-05-01,Casa & Jardim,225,254.88,57348.0
2023-05-01,Eletrônicos,330,845.57,279038.1
2023-05-01,Esportes,172,320.71,55162.12
2023-05-01,Moda,502,174.14,87418.28
2023-05-02,Beleza,416,93.58,38929.28
2023-05-02,Casa & Jardim,160,243.64,38982.4
2023-05-02,Eletrônicos,285,916.8,261288.0
2023-05-02,Esportes,140,335.89,47024.6
2023-05-02,Moda,375,186.18,69817.5
2023-05-03,Beleza,626,99.84,62499.84
2023-05-03,Casa & Jardim,215,278.86,59954.9
2023-05-03,Eletrônicos,362,813.51,294490.62
2023-05-03,Esportes,150,301.31,45196.5
2023-05-03,Moda,454,180.4,81901.6
2023-05-04,Beleza,400,90.01,36004.0
2023-05-04,Casa & Jardim,221,251.6,55603.6
2023-05-04,Eletrônicos,365,864.65,315597.25
2023-05-04,Esportes,181,303.91,55007.71
2023-05-04,Moda,506,180.26,91211.56
2023-05-05,Beleza,552,95.85,52909.2
2023-05-05,Casa & Jardim,244,252.53,61617.32
2023-05-05,Eletrônicos,429,851.73,365392.17
2023-05-05,Esportes,186,344.47,64071.42
2023-05-05,Moda,596,189.43,112900.28
2023-05-06,Beleza,659,98.03,64601.77
2023-05-06,Casa & Jardim,307,244.3,75000.1
2023-05-06,Eletrônicos,428,811.99,347531.72
2023-05-06,Esportes,214,303.11,64865.54
2023-05-06,Moda,620,185.68,115121.6
2023-05-07,Beleza,509,97.52,49637.68
2023-05-07,Casa & Jardim,267,265.61,70917.87
2023-05-07,Eletrônicos,426,807.36,343935.36
2023-05-07,Esportes,214,310.58,66464.12
2023-05-07,Moda,600,192.12,115272.0
2023-05-08,Beleza,606,95.38,57800.28
2023-05-08,Casa & Jardim,315,242.44,76368.6
2023-05-08,Eletrônicos,455,789.87,359390.85
2023-05-08,Esportes,184,308.77,56813.68
2023-05-08,Moda,836,185.6,155161.6
2023-05-09,Beleza,510,101.18,51601.8
2023-05-09,Casa & Jardim,349,278.95,97353.55
2023-05-09,Eletrônicos,548,913.8,500762.4
2023-05-09,Esportes,202,344.18,69524.36
2023-05-09,Moda,706,173.49,122483.94
2023-05-10,Beleza,739,96.33,71187.87
2023-05-10,Casa & Jardim,339,246.22,83468.58
2023-05-10,Eletrônicos,597,876.66,523366.02
2023-05-10,Esportes,247,294.42,72721.74
2023-05-10,Moda,726,188.84,137097.84
2023-05-11,Beleza,653,98.9,64581.7
2023-05-11,Casa & Jardim,311,274.72,85437.92
2023-05-11,Eletrônicos,485,802.93,389421.05
2023-05-11,Esportes,221,324.92,71807.32
2023-05-11,Moda,667,175.27,116905.09
2023-05-12,Beleza,675,99.47,67142.25
2023-05-12,Casa & Jardim,369,271.21,100076.49
2023-05-12,Eletrônicos,549,812.44,446029.56
2023-05-12,Esportes,264,303.9,80229.6
2023-05-12,Moda,705,193.78,136614.9
2023-05-13,Beleza,959,91.47,87719.73
2023-05-13,Casa & Jardim,405,278.09,112626.45
2023-05-13,Eletrônicos,724,855.03,619041.72
2023-05-13,Esportes,329,327.77,107836.33
2023-05-13,Moda,970,186.54,180943.8
2023-05-14,Beleza,838,93.64,78470.32
2023-05-14,Casa & Jardim,406,251.02,101914.12
2023-05-14,Eletrônicos,795,794.44,631579.8
2023-05-14,Esportes,345,310.75,107208.75
2023-05-14,Moda,993,181.79,180517.47
2023-05-15,Beleza,476,88.75,42245.0
2023-05-15,Casa & Jardim,218,251.22,54765.96
2023-05-15,Eletrônicos,421,901.33,379459.93
2023-05-15,Esportes,180,307.31,55315.8
2023-05-15,Moda,465,176.56,82100.4
2023-05-16,Beleza,439,100.55,44141.45
2023-05-16,Casa & Jardim,174,261.85,45561.9
2023-05-16,Eletrônicos,305,902.87,275375.35
2023-05-16,Esportes,175,317.56,55573.0
2023-05-16,Moda,487,170.3,82936.1
2023-05-17,Beleza,393,91.04,35778.72
2023-05-17,Casa & Jardim,180,245.85,44253.0
2023-05-17,Eletrônicos,332,911.97,302774.04
2023-05-17,Esportes,158,316.13,49948.54
2023-05-17,Moda,517,176.67,91338.39
2023-05-18,Beleza,428,93.75,40125.0
2023-05-18,Casa & Jardim,202,252.11,50926.22
2023-05-18,Eletrônicos,372,871.11,324052.92
2023-05-18,Esportes,161,321.92,51829.12
2023-05-18,Moda,545,166.33,90649.85
2023-05-19,Beleza,468,89.45,41862.6
2023-05-19,Casa & Jardim,271,260.14,70497.94
2023-05-19,Eletrônicos,422,856.92,361620.24
2023-05-19,Esportes,163,295.55,48174.65
2023-05-19,Moda,463,185.9,86071.7
2023-05-20,Beleza,515,91.9,47328.5
2023-05-20,Casa & Jardim,315,266.05,83805.75
2023-05-20,Eletrônicos,454,832.69,378041.26
2023-05-20,Esportes,256,329.22,84280.32
2023-05-20,Moda,608,189.13,114991.04
2023-05-21,Beleza,477,92.67,44203.59
2023-05-21,Casa & Jardim,315,245.68,77389.2
2023-05-21,Eletrônicos,414,817.33,338374.62
2023-05-21,Esportes,204,326.92,66691.68
2023-05-21,Moda,663,167.09,110780.67
2023-05-22,Beleza,552,98.75,54510.0
2023-05-22,Casa & Jardim,192,254.9,48940.8
2023-05-22,Eletrônicos,339,793.02,268833.78
2023-05-22,Esportes,187,322.12,60236.44
2023-05-22,Moda,468,180.14,84305.52
2023-05-23,Beleza,432,92.45,39938.4
2023-05-23,Casa & Jardim,208,256.4,53331.2
2023-05-23,Eletrônicos,408,811.94,331271.52
2023-05-23,Esportes,157,310.98,48823.86
2023-05-23,Moda,489,170.76,83501.64
2023-05-24,Beleza,466,98.72,46003.52
2023-05-24,Casa & Jardim,208,246.65,51303.2
2023-05-24,Eletrônicos,327,897.76,293567.52
2023-05-24,Esportes,182,324.4,59040.8
2023-05-24,Moda,501,188.64,94508.64
2023-05-25,Beleza,522,91.14,47575.08
2023-05-25,Casa & Jardim,222,255.52,56725.44
2023-05-25,Eletrônicos,369,849.34,313406.46
2023-05-25,Esportes,165,328.92,54271.8
2023-05-25,Moda,380,169.39,64368.2
2023-05-26,Beleza,484,88.36,42766.24
2023-05-26,Casa & Jardim,243,280.02,68044.86
2023-05-26,Eletrônicos,550,894.16,491788.0
2023-05-26,Esportes,201,314.78,63270.78
2023-05-26,Moda,634,190.52,120789.68
2023-05-27,Beleza,504,95.84,48303.36
2023-05-27,Casa & Jardim,301,255.08,76779.08
2023-05-27,Eletrônicos,436,829.3,361574.8
2023-05-27,Esportes,245,320.7,78571.5
2023-05-27,Moda,600,173.95,104370.0
2023-05-28,Beleza,635,95.42,60591.7
2023-05-28,Casa & Jardim,264,265.31,70041.84
2023-05-28,Eletrônicos,496,818.32,405886.72
2023-05-28,Esportes,199,314.27,62539.73
2023-05-28,Moda,563,190.7,107364.1
2023-05-29,Beleza,376,100.54,37803.04
2023-05-29,Casa & Jardim,246,247.19,60808.74
2023-05-29,Eletrônicos,425,901.49,383133.25
2023-05-29,Esportes,182,299.3,54472.6
2023-05-29,Moda,529,172.81,91416.49
2023-05-30,Beleza,456,92.1,41997.6
2023-05-30,Casa & Jardim,238,242.07,57612.66
2023-05-30,Eletrônicos,353,897.68,316881.04
2023-05-30,Esportes,134,315.17,42232.78
2023-05-30,Moda,485,183.6,89046.0
2023-05-31,Beleza,372,95.66,35585.52
2023-05-31,Casa & Jardim,231,253.13,58473.03
2023-05-31,Eletrônicos,398,899.95,358180.1
2023-05-31,Esportes,200,329.19,65838.0
2023-05-31,Moda,551,191.7,105626.7
2023-06-01,Beleza,383,88.51,33899.33
2023-06-01,Casa & Jardim,248,254.01,62994.48
2023-06-01,Eletrônicos,386,876.86,338467.96
2023-06-01,Esportes,165,333.93,55098.45
2023-06-01,Moda,494,165.95,81979.3
2023-06-02,Beleza,466,97.69,45523.54
2023-06-02,Casa & Jardim,209,245.38,51284.42
2023-06-02,Eletrônicos,420,874.5,367290.0
2023-06-02,Esportes,168,336.8,56582.4
2023-06-02,Moda,517,181.41,93788.97
2023-06-03,Beleza,623,99.61,62057.03
2023-06-03,Casa & Jardim,329,255.1,83927.9
2023-06-03,Eletrônicos,534,803.57,429106.38
2023-06-03,Esportes,230,319.25,73427.5
2023-06-03,Moda,628,173.88,109196.64
2023-06-04,Beleza,688,97.46,67052.48
2023-06-04,Casa & Jardim,292,244.7,71452.4
2023-06-04,Eletrônicos,481,901.8,433765.8
2023-06-04,Esportes,214,322.15,68940.1
2023-06-04,Moda,537,183.49,98534.13
2023-06-05,Beleza,444,92.8,41203.2
2023-06-05,Casa & Jardim,193,251.68,48574.24
2023-06-05,Eletrônicos,325,827.58,268963.5
2023-06-05,Esportes,125,314.53,39316.25
2023-06-05,Moda,385,175.22,67459.7
2023-06-06,Beleza,379,96.08,36414.32
2023-06-06,Casa & Jardim,184,265.94,48932.96
2023-06-06,Eletrônicos,326,883.12,287897.12
2023-06-06,Esportes,141,314.25,44309.25
2023-06-06,Moda,405,167.57,67865.85
2023-06-07,Beleza,482,98.73,47587.86
2023-06-07,Casa & Jardim,258,254.28,65604.24
2023-06-07,Eletrônicos,355,895.17,317785.35
2023-06-07,Esportes,139,338.49,47050.11
2023-06-07,Moda,557,188.17,104810.69
2023-06-08,Beleza,485,94.38,45774.3
2023-06-08,Casa & Jardim,315,273.48,86146.2
2023-06-08,Eletrônicos,435,851.02,370193.7
2023-06-08,Esportes,189,297.98,56318.22
2023-06-08,Moda,584,185.34,108238.56
2023-06-09,Beleza,588,99.83,58700.04
2023-06-09,Casa & Jardim,317,272.52,86388.84
2023-06-09,Eletrônicos,527,867.93,457399.11
2023-06-09,Esportes,212,312.04,66152.48
2023-06-09,Moda,573,175.17,100372.41
2023-06-10,Beleza,758,97.45,73867.1
2023-06-10,Casa & Jardim,310,246.69,76473.9
2023-06-10,Eletrônicos,592,817.33,483859.36
2023-06-10,Esportes,290,297.55,86289.5
2023-06-10,Moda,788,192.8,151926.4
2023-06-11,Beleza,809,101.13,81814.17
2023-06-11,Casa & Jardim,424,240.25,101866.0
2023-06-11,Eletrônicos,626,888.06,555925.56
2023-06-11,Esportes,298,339.71,101233.58
2023-06-11,Moda,740,184.08,136219.2
2023-06-12,Beleza,537,98.18,52722.66
2023-06-12,Casa & Jardim,237,267.91,63494.67
2023-06-12,Eletrônicos,560,796.55,446068.0
2023-06-12,Esportes,182,305.74,55644.68
2023-06-12,Moda,674,171.33,115476.42
2023-06-13,Beleza,512,99.92,51159.04
2023-06-13,Casa & Jardim,250,264.57,66142.5
2023-06-13,Eletrônicos,430,912.97,392577.1
2023-06-13,Esportes,153,339.13,51886.89
2023-06-13,Moda,677,177.65,120269.05
2023-06-14,Beleza,546,88.76,48462.96
2023-06-14,Casa & Jardim,272,249.22,67787.84
2023-06-14,Eletrônicos,534,828.49,442413.66
2023-06-14,Esportes,153,333.46,51019.38
2023-06-14,Moda,573,173.6,99472.8
2023-06-15,Beleza,510,94.05,47965.5
2023-06-15,Casa & Jardim,201,245.32,49309.32
2023-06-15,Eletrônicos,378,795.94,300865.32
2023-06-15,Esportes,208,337.78,70258.24
2023-06-15,Moda,494,173.56,85738.64
2023-06-16,Beleza,462,99.14,45802.68
2023-06-16,Casa & Jardim,243,251.6,61138.8
2023-06-16,Eletrônicos,406,909.46,369240.76
2023-06-16,Esportes,187,294.89,55144.43
2023-06-16,Moda,564,167.54,94492.56
2023-06-17,Beleza,514,88.55,45514.7
2023-06-17,Casa & Jardim,284,244.33,69389.72
2023-06-17,Eletrônicos,430,822.93,353859.9
2023-06-17,Esportes,231,332.3,76761.3
2023-06-17,Moda,615,180.54,111032.1
2023-06-18,Beleza,551,96.46,53149.46
2023-06-18,Casa & Jardim,272,252.0,68544.0
2023-06-18,Eletrônicos,457,878.31,401387.67
2023-06-18,Esportes,201,322.19,64760.19
2023-06-18,Moda,591,186.85,110428.35
2023-06-19,Beleza,492,88.76,43669.92
2023-06-19,Casa & Jardim,216,275.99,59613.84
2023-06-19,Eletrônicos,338,829.04,280215.52
2023-06-19,Esportes,119,321.05,38204.95
2023-06-19,Moda,406,185.89,75471.34
2023-06-20,Beleza,379,102.02,38665.58
2023-06-20,Casa & Jardim,245,262.25,64251.25
2023-06-20,Eletrônicos,296,866.44,256466.24
2023-06-20,Esportes,156,327.96,51161.76
2023-06-20,Moda,351,177.05,62144.55
2023-06-21,Beleza,421,99.67,41961.07
2023-06-21,Casa & Jardim,180,246.12,44301.6
2023-06-21,Eletrônicos,318,885.12,281468.16
2023-06-21,Esportes,192,338.5,64992.0
2023-06-21,Moda,415,173.21,71882.15
2023-06-22,Beleza,374,101.59,37994.66
2023-06-22,Casa & Jardim,224,277.33,62121.92
2023-06-22,Eletrônicos,368,785.34,289005.12
2023-06-22,Esportes,150,302.32,45348.0
2023-06-22,Moda,474,173.33,82158.42
2023-06-23,Beleza,494,92.64,45764.16
2023-06-23,Casa & Jardim,218,270.81,59036.58
2023-06-23,Eletrônicos,480,874.93,419966.4
2023-06-23,Esportes,140,329.6,46144.0
2023-06-23,Moda,455,173.88,79115.4
2023-06-24,Beleza,596,101.75,60643.0
2023-06-24,Casa & Jardim,238,253.3,60285.4
2023-06-24,Eletrônicos,451,842.64,380030.64
2023-06-24,Esportes,182,307.19,55908.58
2023-06-24,Moda,634,182.98,116009.32
2023-06-25,Beleza,494,87.46,43205.24
2023-06-25,Casa & Jardim,313,241.26,75514.38
2023-06-25,Eletrônicos,376,804.25,302398.0
2023-06-25,Esportes,229,315.81,72320.49
2023-06-25,Moda,614,167.82,103041.48
2023-06-26,Beleza,484,94.65,45810.6
2023-06-26,Casa & Jardim,215,249.89,53726.35
2023-06-26,Eletrônicos,256,890.09,227863.04
2023-06-26,Esportes,160,341.04,54566.4
2023-06-26,Moda,425,182.85,77711.25
2023-06-27,Beleza,421,102.52,43160.92
2023-06-27,Casa & Jardim,167,270.15,45115.05
2023-06-27,Eletrônicos,285,793.2,226062.0
2023-06-27,Esportes,172,295.44,50815.68
2023-06-27,Moda,424,183.56,77829.44
2023-06-28,Beleza,409,102.49,41918.41
2023-06-28,Casa & Jardim,208,277.44,57707.52
2023-06-28,Eletrônicos,371,874.55,324458.05
2023-06-28,Esportes,157,325.35,51079.95
2023-06-28,Moda,397,166.04,65917.88
2023-06-29,Beleza,462,93.6,43243.2
2023-06-29,Casa & Jardim,177,279.2,49418.4
2023-06-29,Eletrônicos,302,911.32,275218.64
2023-06-29,Esportes,176,308.91,54368.16
2023-06-29,Moda,530,193.39,102496.7
2023-06-30,Beleza,538,92.03,49512.14
2023-06-30,Casa & Jardim,224,257.71,57727.04
2023-06-30,Eletrônicos,442,802.54,354722.68
2023-06-30,Esportes,175,329.56,57673.0
2023-06-30,Moda,597,185.95,111012.15
2023-07-01,Beleza,439,88.71,38943.69
2023-07-01,Casa & Jardim,204,277.04,56516.16
2023-07-01,Eletrônicos,459,839.08,385137.72
2023-07-01,Esportes,171,296.18,50646.78
2023-07-01,Moda,502,183.17,91951.34
2023-07-02,Beleza,549,102.59,56321.91
2023-07-02,Casa & Jardim,256,262.87,67294.72
2023-07-02,Eletrônicos,412,868.84,357962.08
2023-07-02,Esportes,209,315.35,65908.15
2023-07-02,Moda,495,182.81,90490.95
2023-07-03,Beleza,458,91.76,42026.08
2023-07-03,Casa & Jardim,211,253.42,53471.62
2023-07-03,Eletrônicos,259,915.82,237197.38
2023-07-03,Esportes,159,335.38,53325.42
2023-07-03,Moda,379,190.54,72214.66
2023-07-04,Beleza,350,89.89,31461.5
2023-07-04,Casa & Jardim,201,257.24,51705.24
2023-07-04,Eletrônicos,276,837.67,231196.92
2023-07-04,Esportes,129,317.8,40996.2
2023-07-04,Moda,436,171.44,74747.84
2023-07-05,Beleza,383,91.73,35132.59
2023-07-05,Casa & Jardim,190,272.23,51723.7
2023-07-05,Eletrônicos,309,810.98,250592.82
2023-07-05,Esportes,176,336.75,59268.0
2023-07-05,Moda,451,182.52,82316.52
2023-07-06,Beleza,403,89.12,35915.36
2023-07-06,Casa & Jardim,232,278.35,64577.2
2023-07-06,Eletrônicos,343,786.23,269676.89
2023-07-06,Esportes,183,316.16,57857.28
2023-07-06,Moda,507,177.35,89916.45
2023-07-07,Beleza,520,100.62,52322.4
2023-07-07,Casa & Jardim,274,272.69,74717.06
2023-07-07,Eletrônicos,320,899.55,287856.0
2023-07-07,Esportes,153,321.85,49243.05
2023-07-07,Moda,581,166.04,96469.24
2023-07-08,Beleza,478,93.93,44898.54
2023-07-08,Casa & Jardim,289,274.35,79287.15
2023-07-08,Eletrônicos,505,846.36,427411.8
2023-07-08,Esportes,176,317.4,55862.4
2023-07-08,Moda,480,178.57,85713.6
2023-07-09,Beleza,562,91.77,51574.74
2023-07-09,Casa & Jardim,244,255.92,62444.48
2023-07-09,Eletrônicos,435,886.85,385779.75
2023-07-09,Esportes,173,331.19,57295.87
2023-07-09,Moda,604,193.18,116680.72
2023-07-10,Beleza,382,102.44,39132.08
2023-07-10,Casa & Jardim,192,267.23,51308.16
2023-07-10,Eletrônicos,329,896.89,295076.81
2023-07-10,Esportes,141,305.34,43052.94
2023-07-10,Moda,484,171.03,82778.52
2023-07-11,Beleza,470,88.23,41468.1
2023-07-11,Casa & Jardim,228,254.05,57923.4
2023-07-11,Eletrônicos,325,799.85,259951.25
2023-07-11,Esportes,132,306.06,40399.92
2023-07-11,Moda,393,184.97,72693.21
2023-07-12,Beleza,394,95.05,37449.7
2023-07-12,Casa & Jardim,191,265.61,50731.51
2023-07-12,Eletrônicos,374,786.42,294121.08
2023-07-12,Esportes,125,324.29,40536.25
2023-07-12,Moda,432,168.27,72692.64
2023-07-13,Beleza,323,92.2,29780.6
2023-07-13,Casa & Jardim,221,261.9,57879.9
2023-07-13,Eletrônicos,337,890.33,300041.21
2023-07-13,Esportes,137,321.9,44100.3
2023-07-13,Moda,438,187.15,81971.7
2023-07-14,Beleza,512,101.67,52055.04
2023-07-14,Casa & Jardim,213,247.69,52757.97
2023-07-14,Eletrônicos,405,847.49,343233.45
2023-07-14,Esportes,133,304.82,40541.06
2023-07-14,Moda,497,173.05,86005.85
2023-07-15,Beleza,569,99.64,56695.16
2023-07-15,Casa & Jardim,300,259.28,77784.0
2023-07-15,Eletrônicos,392,809.27,317233.84
2023-07-15,Esportes,155,296.22,45914.1
2023-07-15,Moda,638,178.11,113634.18
2023-07-16,Beleza,546,99.95,54572.7
2023-07-16,Casa & Jardim,236,248.19,58572.84
2023-07-16,Eletrônicos,520,848.86,441407.2
2023-07-16,Esportes,161,319.9,51503.9
2023-07-16,Moda,701,183.97,128962.97
2023-07-17,Beleza,459,92.01,42232.59
2023-07-17,Casa & Jardim,193,258.96,49979.28
2023-07-17,Eletrônicos,317,818.58,259489.86
2023-07-17,Esportes,183,330.6,60499.8
2023-07-17,Moda,500,172.57,86285.0
2023-07-18,Beleza,317,94.5,29956.5
2023-07-18,Casa & Jardim,201,276.55,55586.55
2023-07-18,Eletrônicos,278,890.47,247550.66
2023-07-18,Esportes,173,303.49,52503.77
2023-07-18,Moda,385,171.34,65965.9
2023-07-19,Beleza,366,91.74,33576.84
2023-07-19,Casa & Jardim,249,249.69,62172.81
2023-07-19,Eletrônicos,303,783.58,237424.74
2023-07-19,Esportes,161,342.9,55206.9
2023-07-19,Moda,447,190.87,85318.89
2023-07-20,Beleza,420,88.89,37333.8
2023-07-20,Casa & Jardim,212,257.78,54649.36
2023-07-20,Eletrônicos,263,791.85,208256.55
2023-07-20,Esportes,141,301.36,42491.76
2023-07-20,Moda,407,173.4,70573.8
2023-07-21,Beleza,483,95.41,46083.03
2023-07-21,Casa & Jardim,225,239.24,53829.0
2023-07-21,Eletrônicos,353,863.6,304850.8
2023-07-21,Esportes,143,297.48,42539.64
2023-07-21,Moda,465,172.73,80319.45
2023-07-22,Beleza,533,93.99,50096.67
2023-07-22,Casa & Jardim,256,240.83,61652.48
2023-07-22,Eletrônicos,319,821.67,262112.73
2023-07-22,Esportes,196,311.07,60969.72
2023-07-22,Moda,573,186.7,106979.1
2023-07-23,Beleza,448,99.56,44602.88
2023-07-23,Casa & Jardim,294,262.11,77060.34
2023-07-23,Eletrônicos,461,888.06,409395.66
2023-07-23,Esportes,204,321.73,65632.92
2023-07-23,Moda,521,183.07,95379.47
2023-07-24,Beleza,377,92.47,34861.19
2023-07-24,Casa & Jardim,206,245.57,50587.42
2023-07-24,Eletrônicos,329,787.39,259051.31
2023-07-24,Esportes,131,301.76,39530.56
2023-07-24,Moda,395,193.0,76235.0
2023-07-25,Beleza,467,92.21,43062.07
2023-07-25,Casa & Jardim,204,269.62,55002.48
2023-07-25,Eletrônicos,269,814.92,219213.48
2023-07-25,Esportes,146,311.65,45500.9
2023-07-25,Moda,421,189.75,79884.75
2023-07-26,Beleza,359,90.98,32661.82
2023-07-26,Casa & Jardim,240,271.22,65092.8
2023-07-26,Eletrônicos,318,916.19,291348.42
2023-07-26,Esportes,128,324.38,41520.64
2023-07-26,Moda,460,192.46,88531.6
2023-07-27,Beleza,419,101.57,42557.83
2023-07-27,Casa & Jardim,208,253.41,52709.28
2023-07-27,Eletrônicos,331,866.07,286669.17
2023-07-27,Esportes,142,305.82,43426.44
2023-07-27,Moda,474,181.27,85921.98
2023-07-28,Beleza,503,94.73,47649.19
2023-07-28,Casa & Jardim,244,266.18,64947.92
2023-07-28,Eletrônicos,325,877.54,285200.5
2023-07-28,Esportes,167,304.03,50773.01
2023-07-28,Moda,536,186.99,100226.64
2023-07-29,Beleza,597,95.31,56900.07
2023-07-29,Casa & Jardim,255,273.14,69650.7
2023-07-29,Eletrônicos,416,826.4,343782.4
2023-07-29,Esportes,246,307.91,75745.86
2023-07-29,Moda,498,186.85,93051.3
2023-07-30,Beleza,578,90.4,52251.2
2023-07-30,Casa & Jardim,239,264.05,63107.95
2023-07-30,Eletrônicos,421,852.41,358864.61
2023-07-30,Esportes,174,295.02,51333.48
2023-07-30,Moda,519,176.29,91494.51
2023-07-31,Beleza,375,90.65,33993.75
2023-07-31,Casa & Jardim,182,274.75,50004.5
2023-07-31,Eletrônicos,304,786.52,239102.08
2023-07-31,Esportes,193,343.7,66334.1
2023-07-31,Moda,426,192.12,81843.12
2023-08-01,Beleza,365,101.56,37069.4
2023-08-01,Casa & Jardim,149,253.34,37747.66
2023-08-01,Eletrônicos,294,792.69,233050.86
2023-08-01,Esportes,154,324.58,49985.32
2023-08-01,Moda,490,173.34,84936.6
2023-08-02,Beleza,528,88.75,46860.0
2023-08-02,Casa & Jardim,224,246.76,55274.24
2023-08-02,Eletrônicos,299,859.19,256897.81
2023-08-02,Esportes,210,341.91,71801.1
2023-08-02,Moda,606,176.21,106783.26
2023-08-03,Beleza,494,101.14,49963.16
2023-08-03,Casa & Jardim,229,257.1,58875.9
2023-08-03,Eletrônicos,337,875.77,295134.49
2023-08-03,Esportes,142,336.81,47827.02
2023-08-03,Moda,489,188.28,92068.92
2023-08-04,Beleza,505,89.78,45338.9
2023-08-04,Casa & Jardim,261,261.47,68243.67
2023-08-04,Eletrônicos,368,804.78,296159.04
2023-08-04,Esportes,158,307.85,48640.3
2023-08-04,Moda,581,178.69,103818.89
2023-08-05,Beleza,678,89.82,60897.96
2023-08-05,Casa & Jardim,254,265.63,67470.02
2023-08-05,Eletrônicos,483,796.22,384574.26
2023-08-05,Esportes,189,320.23,60523.47
2023-08-05,Moda,519,185.92,96492.48
2023-08-06,Beleza,473,102.11,48298.03
2023-08-06,Casa & Jardim,258,240.93,62159.94
2023-08-06,Eletrônicos,524,786.3,412021.2
2023-08-06,Esportes,204,297.87,60765.48
2023-08-06,Moda,651,177.91,115819.41
2023-08-07,Beleza,360,96.5,34740.0
2023-08-07,Casa & Jardim,191,252.6,48246.6
2023-08-07,Eletrônicos,369,909.32,335539.08
2023-08-07,Esportes,186,331.45,61649.7
2023-08-07,Moda,567,192.56,109181.52
2023-08-08,Beleza,393,88.49,34776.57
2023-08-08,Casa & Jardim,284,266.94,75810.96
2023-08-08,Eletrônicos,402,878.43,353128.86
2023-08-08,Esportes,170,328.4,55828.0
2023-08-08,Moda,492,167.44,82380.48
2023-08-09,Beleza,548,87.69,48054.12
2023-08-09,Casa & Jardim,269,257.31,69216.39
2023-08-09,Eletrônicos,391,900.45,352075.95
2023-08-09,Esportes,216,316.24,68307.84
2023-08-09,Moda,535,178.38,95433.3
2023-08-10,Beleza,569,92.37,52558.53
2023-08-10,Casa & Jardim,274,249.97,68491.78
2023-08-10,Eletrônicos,487,828.17,403318.79
2023-08-10,Esportes,253,339.63,85926.39
2023-08-10,Moda,654,166.23,108714.42
2023-08-11,Beleza,533,101.23,53955.59
2023-08-11,Casa & Jardim,337,241.4,81351.8
2023-08-11,Eletrônicos,533,892.82,475873.06
2023-08-11,Esportes,234,319.78,74828.52
2023-08-11,Moda,669,167.22,111870.18
2023-08-12,Beleza,795,97.04,77146.8
2023-08-12,Casa & Jardim,327,251.8,82338.6
2023-08-12,Eletrônicos,661,843.52,557566.72
2023-08-12,Esportes,296,305.67,90478.32
2023-08-12,Moda,605,179.74,108742.7
2023-08-13,Beleza,566,93.37,52847.42
2023-08-13,Casa & Jardim,361,261.35,94347.35
2023-08-13,Eletrônicos,568,869.53,493893.04
2023-08-13,Esportes,231,314.29,72600.99
2023-08-13,Moda,706,184.47,130235.82
2023-08-14,Beleza,550,90.13,49571.5
2023-08-14,Casa & Jardim,328,246.12,80727.36
2023-08-14,Eletrônicos,510,793.1,404481.0
2023-08-14,Esportes,200,315.08,63016.0
2023-08-14,Moda,664,173.09,114931.76
2023-08-15,Beleza,437,95.05,41536.85
2023-08-15,Casa & Jardim,233,255.0,59415.0
2023-08-15,Eletrônicos,327,790.21,258398.67
2023-08-15,Esportes,159,305.39,48557.01
2023-08-15,Moda,417,167.63,69901.71
2023-08-16,Beleza,438,88.66,38833.08
2023-08-16,Casa & Jardim,220,269.47,59283.4
2023-08-16,Eletrônicos,313,900.56,281875.28
2023-08-16,Esportes,132,303.42,40051.44
2023-08-16,Moda,442,170.95,75559.9
2023-08-17,Beleza,373,100.41,37452.93
2023-08-17,Casa & Jardim,220,277.58,61067.6
2023-08-17,Eletrônicos,330,811.81,267897.3
2023-08-17,Esportes,144,332.46,47874.24
2023-08-17,Moda,519,189.05,98116.95
2023-08-18,Beleza,581,94.01,54619.81
2023-08-18,Casa & Jardim,262,247.19,64763.78
2023-08-18,Eletrônicos,421,871.58,366935.18
2023-08-18,Esportes,175,314.16,54978.0
2023-08-18,Moda,556,185.33,103043.48
2023-08-19,Beleza,543,99.09,53805.87
2023-08-19,Casa & Jardim,335,266.93,89421.55
2023-08-19,Eletrônicos,422,849.75,358594.5
2023-08-19,Esportes,171,344.68,58940.28
2023-08-19,Moda,586,174.52,102268.72
2023-08-20,Beleza,535,91.44,48920.4
2023-08-20,Casa & Jardim,326,259.58,84623.08
2023-08-20,Eletrônicos,547,813.07,444749.29
2023-08-20,Esportes,187,299.0,55913.0
2023-08-20,Moda,557,172.8,96249.6
2023-08-21,Beleza,390,92.29,35993.1
2023-08-21,Casa & Jardim,251,261.19,65558.69
2023-08-21,Eletrônicos,349,917.5,320207.5
2023-08-21,Esportes,149,324.65,48372.85
2023-08-21,Moda,637,175.88,112035.56
2023-08-22,Beleza,443,94.48,41854.64
2023-08-22,Casa & Jardim,205,247.42,50721.1
2023-08-22,Eletrônicos,322,809.14,260543.08
2023-08-22,Esportes,123,316.51,38930.73
2023-08-22,Moda,502,175.79,88246.58
2023-08-23,Beleza,406,89.67,36406.02
2023-08-23,Casa & Jardim,164,272.7,44722.8
2023-08-23,Eletrônicos,344,874.51,300831.44
2023-08-23,Esportes,194,297.16,57649.04
2023-08-23,Moda,485,174.46,84613.1
2023-08-24,Beleza,390,95.15,37108.5
2023-08-24,Casa & Jardim,275,257.41,70787.75
2023-08-24,Eletrônicos,340,900.09,306030.6
2023-08-24,Esportes,182,302.06,54974.92
2023-08-24,Moda,505,191.92,96919.6
2023-08-25,Beleza,567,101.54,57573.18
2023-08-25,Casa & Jardim,225,250.71,56409.75
2023-08-25,Eletrônicos,324,880.89,285408.36
2023-08-25,Esportes,278,299.72,83322.16
2023-08-25,Moda,526,175.81,92476.06
2023-08-26,Beleza,574,93.23,53514.02
2023-08-26,Casa & Jardim,222,278.01,61718.22
2023-08-26,Eletrônicos,427,829.05,354004.35
2023-08-26,Esportes,179,307.27,55001.33
2023-08-26,Moda,635,180.16,114401.6
2023-08-27,Beleza,641,99.66,63882.06
2023-08-27,Casa & Jardim,303,277.58,84106.74
2023-08-27,Eletrônicos,538,832.46,447863.48
2023-08-27,Esportes,216,303.29,65510.64
2023-08-27,Moda,584,181.54,106019.36
2023-08-28,Beleza,425,87.46,37170.5
2023-08-28,Casa & Jardim,161,269.86,43447.46
2023-08-28,Eletrônicos,341,841.65,287002.65
2023-08-28,Esportes,140,305.15,42721.0
2023-08-28,Moda,404,180.09,72756.36
2023-08-29,Beleza,375,90.89,34083.75
2023-08-29,Casa & Jardim,200,240.73,48146.0
2023-08-29,Eletrônicos,364,880.64,320552.96
2023-08-29,Esportes,129,319.58,41225.82
2023-08-29,Moda,452,185.1,83665.2
2023-08-30,Beleza,352,90.43,31831.36
2023-08-30,Casa & Jardim,165,277.49,45785.85
2023-08-30,Eletrônicos,387,904.5,350041.5
2023-08-30,Esportes,175,302.82,52993.5
2023-08-30,Moda,441,189.73,83670.93
2023-08-31,Beleza,456,91.39,41673.84
2023-08-31,Casa & Jardim,210,239.7,50337.0
2023-08-31,Eletrônicos,350,839.35,293772.5
2023-08-31,Esportes,162,335.57,54362.34
2023-08-31,Moda,497,178.25,88590.25
2023-09-01,Beleza,449,88.2,39601.8
2023-09-01,Casa & Jardim,277,259.38,71848.26
2023-09-01,Eletrônicos,395,906.08,357901.6
2023-09-01,Esportes,160,314.81,50369.6
2023-09-01,Moda,529,183.18,96902.22
2023-09-02,Beleza,581,100.34,58297.54
2023-09-02,Casa & Jardim,271,242.75,65785.25
2023-09-02,Eletrônicos,345,810.65,279674.25
2023-09-02,Esportes,198,303.11,60015.78
2023-09-02,Moda,595,170.76,101602.2
2023-09-03,Beleza,489,94.74,46327.86
2023-09-03,Casa & Jardim,256,264.75,67776.0
2023-09-03,Eletrônicos,490,881.7,432033.0
2023-09-03,Esportes,170,322.88,54889.6
2023-09-03,Moda,494,185.59,91681.46
2023-09-04,Beleza,409,90.45,36994.05
2023-09-04,Casa & Jardim,201,249.04,50057.04
2023-09-04,Eletrônicos,361,799.89,288760.29
2023-09-04,Esportes,126,315.46,39747.96
2023-09-04,Moda,392,170.36,66781.12
2023-09-05,Beleza,376,90.67,34091.92
2023-09-05,Casa & Jardim,133,242.32,32228.56
2023-09-05,Eletrônicos,314,806.44,253222.16
2023-09-05,Esportes,125,301.73,37716.25
2023-09-05,Moda,384,165.66,63613.44
2023-09-06,Beleza,363,93.17,33820.71
2023-09-06,Casa & Jardim,180,243.62,43851.6
2023-09-06,Eletrônicos,323,814.31,263022.13
2023-09-06,Esportes,165,338.32,55822.8
2023-09-06,Moda,474,180.43,85523.82
2023-09-07,Beleza,389,101.24,39382.36
2023-09-07,Casa & Jardim,190,247.31,46988.9
2023-09-07,Eletrônicos,323,815.62,263445.26
2023-09-07,Esportes,169,323.4,54654.6
2023-09-07,Moda,486,170.25,82741.5
2023-09-08,Beleza,399,101.6,40538.4
2023-09-08,Casa & Jardim,245,260.2,63749.0
2023-09-08,Eletrônicos,421,900.42,379076.82
2023-09-08,Esportes,144,318.55,45871.2
2023-09-08,Moda,452,168.63,76220.76
2023-09-09,Beleza,663,88.14,58436.82
2023-09-09,Casa & Jardim,231,240.72,55606.32
2023-09-09,Eletrônicos,459,830.86,381364.74
2023-09-09,Esportes,237,298.89,70836.93
2023-09-09,Moda,483,172.0,83076.0
2023-09-10,Beleza,548,96.76,53024.48
2023-09-10,Casa & Jardim,262,241.39,63244.18
2023-09-10,Eletrônicos,292,862.64,251890.88
2023-09-10,Esportes,188,328.61,61778.68
2023-09-10,Moda,740,172.67,127775.8
2023-09-11,Beleza,332,88.0,29216.0
2023-09-11,Casa & Jardim,189,274.31,51844.59
2023-09-11,Eletrônicos,294,913.84,268668.96
2023-09-11,Esportes,148,316.79,46884.92
2023-09-11,Moda,434,167.26,72590.84
2023-09-12,Beleza,466,98.01,45672.66
2023-09-12,Casa & Jardim,172,250.12,43020.64
2023-09-12,Eletrônicos,259,817.11,211631.49
2023-09-12,Esportes,124,315.06,39067.44
2023-09-12,Moda,337,171.92,57937.04
2023-09-13,Beleza,352,97.1,34179.2
2023-09-13,Casa & Jardim,183,257.88,47192.04
2023-09-13,Eletrônicos,269,887.19,238654.11
2023-09-13,Esportes,144,300.88,43326.72
2023-09-13,Moda,394,193.24,76136.56
2023-09-14,Beleza,386,93.89,36241.54
2023-09-14,Casa & Jardim,199,263.23,52382.77
2023-09-14,Eletrônicos,373,799.8,298325.4
2023-09-14,Esportes,130,318.8,41444.0
2023-09-14,Moda,493,177.57,87542.01
2023-09-15,Beleza,455,89.36,40658.8
2023-09-15,Casa & Jardim,182,252.33,45924.06
2023-09-15,Eletrônicos,364,814.1,296332.4
2023-09-15,Esportes,153,319.02,48810.06
2023-09-15,Moda,632,177.95,112464.4
2023-09-16,Beleza,535,92.22,49337.7
2023-09-16,Casa & Jardim,286,243.64,69681.04
2023-09-16,Eletrônicos,444,792.0,351648.0
2023-09-16,Esportes,213,345.19,73525.47
2023-09-16,Moda,704,185.82,130817.28
2023-09-17,Beleza,572,99.05,56656.6
2023-09-17,Casa & Jardim,233,271.09,63163.97
2023-09-17,Eletrônicos,416,827.83,344377.28
2023-09-17,Esportes,210,315.64,66284.4
2023-09-17,Moda,580,170.54,98913.2
2023-09-18,Beleza,311,99.74,31019.14
2023-09-18,Casa & Jardim,185,279.4,51689.0
2023-09-18,Eletrônicos,263,894.73,235313.99
2023-09-18,Esportes,149,333.71,49722.79
2023-09-18,Moda,300,190.67,57201.0
2023-09-19,Beleza,380,100.58,38220.4
2023-09-19,Casa & Jardim,223,251.06,55986.38
2023-09-19,Eletrônicos,246,865.93,213018.78
2023-09-19,Esportes,129,337.7,43563.3
2023-09-19,Moda,399,183.78,73328.22
2023-09-20,Beleza,388,96.01,37251.88
2023-09-20,Casa & Jardim,215,265.44,57069.6
2023-09-20,Eletrônicos,299,878.12,262557.88
2023-09-20,Esportes,123,312.13,38391.99
2023-09-20,Moda,373,183.04,68273.92
2023-09-21,Beleza,423,99.0,41877.0
2023-09-21,Casa & Jardim,176,270.72,47646.72
2023-09-21,Eletrônicos,312,786.99,245540.88
2023-09-21,Esportes,174,324.41,56447.34
2023-09-21,Moda,440,168.98,74351.2
2023-09-22,Beleza,450,100.81,45364.5
2023-09-22,Casa & Jardim,162,250.93,40650.66
2023-09-22,Eletrônicos,352,882.15,310516.8
2023-09-22,Esportes,189,312.69,59098.41
2023-09-22,Moda,442,185.53,82004.26
2023-09-23,Beleza,507,87.71,44468.97
2023-09-23,Casa & Jardim,277,241.54,66906.58
2023-09-23,Eletrônicos,404,896.81,362311.24
2023-09-23,Esportes,154,298.69,45998.26
2023-09-23,Moda,536,171.54,91945.44
2023-09-24,Beleza,519,94.19,48884.61
2023-09-24,Casa & Jardim,250,259.4,64850.0
2023-09-24,Eletrônicos,530,891.57,472532.1
2023-09-24,Esportes,211,345.23,72843.53
2023-09-24,Moda,614,171.48,105288.72
2023-09-25,Beleza,481,87.51,42092.31
2023-09-25,Casa & Jardim,196,261.93,51338.28
2023-09-25,Eletrônicos,348,809.99,281876.52
2023-09-25,Esportes,135,327.7,44239.5
2023-09-25,Moda,401,180.22,72268.22
2023-09-26,Beleza,360,95.62,34423.2
2023-09-26,Casa & Jardim,202,249.59,50417.18
2023-09-26,Eletrônicos,306,797.22,243949.32
2023-09-26,Esportes,148,311.25,46065.0
2023-09-26,Moda,385,188.43,72545.55
2023-09-27,Beleza,461,97.69,45035.09
2023-09-27,Casa & Jardim,219,262.46,57478.74
2023-09-27,Eletrônicos,312,854.24,266522.88
2023-09-27,Esportes,121,311.96,37747.16
2023-09-27,Moda,420,167.59,70387.8
2023-09-28,Beleza,422,95.48,40292.56
2023-09-28,Casa & Jardim,192,260.61,50037.12
2023-09-28,Eletrônicos,324,909.38,294639.12
2023-09-28,Esportes,137,315.43,43213.91
2023-09-28,Moda,598,183.7,109852.6
2023-09-29,Beleza,474,93.48,44309.52
2023-09-29,Casa & Jardim,225,264.29,59465.25
2023-09-29,Eletrônicos,401,825.0,330825.0
2023-09-29,Esportes,170,342.71,58260.7
2023-09-29,Moda,431,185.43,79920.33
2023-09-30,Beleza,549,91.93,50469.57
2023-09-30,Casa & Jardim,274,242.52,66450.48
2023-09-30,Eletrônicos,416,850.98,354007.68
2023-09-30,Esportes,239,296.54,70873.06
2023-09-30,Moda,582,189.68,110393.76
2023-10-01,Beleza,589,89.32,52609.48
2023-10-01,Casa & Jardim,286,263.15,75260.9
2023-10-01,Eletrônicos,487,843.84,410950.08
2023-10-01,Esportes,275,341.51,93915.25
2023-10-01,Moda,721,189.26,136456.46
2023-10-02,Beleza,397,97.44,38683.68
2023-10-02,Casa & Jardim,206,244.45,50356.7
2023-10-02,Eletrônicos,339,852.12,288868.68
2023-10-02,Esportes,150,296.92,44538.0
2023-10-02,Moda,433,175.21,75865.93
2023-10-03,Beleza,456,94.56,43119.36
2023-10-03,Casa & Jardim,232,256.11,59417.52
2023-10-03,Eletrônicos,404,800.99,323599.96
2023-10-03,Esportes,164,306.79,50313.56
2023-10-03,Moda,487,188.4,91750.8
2023-10-04,Beleza,450,88.32,39744.0
2023-10-04,Casa & Jardim,218,275.8,60124.4
2023-10-04,Eletrônicos,327,786.08,257048.16
2023-10-04,Esportes,156,339.27,52926.12
2023-10-04,Moda,380,190.22,72283.6
2023-10-05,Beleza,379,93.68,35504.72
2023-10-05,Casa & Jardim,233,265.14,61777.62
2023-10-05,Eletrônicos,393,809.45,318113.85
2023-10-05,Esportes,161,316.88,51017.68
2023-10-05,Moda,449,191.02,85767.98
2023-10-06,Beleza,383,98.78,37832.74
2023-10-06,Casa & Jardim,249,244.66,60920.34
2023-10-06,Eletrônicos,343,873.59,299641.37
2023-10-06,Esportes,190,296.7,56373.0
2023-10-06,Moda,472,176.77,83435.44
2023-10-07,Beleza,691,99.98,69086.18
2023-10-07,Casa & Jardim,244,277.01,67590.44
2023-10-07,Eletrônicos,412,900.07,370828.84
2023-10-07,Esportes,202,295.88,59767.76
2023-10-07,Moda,590,188.74,111356.6
2023-10-08,Beleza,572,101.61,58120.92
2023-10-08,Casa & Jardim,251,270.83,67978.33
2023-10-08,Eletrônicos,550,806.09,443349.5
2023-10-08,Esportes,221,329.72,72868.12
2023-10-08,Moda,581,167.53,97334.93
2023-10-09,Beleza,354,100.09,35431.86
2023-10-09,Casa & Jardim,175,246.86,43200.5
2023-10-09,Eletrônicos,361,910.47,328679.67
2023-10-09,Esportes,131,305.37,40003.47
2023-10-09,Moda,439,190.87,83791.93
2023-10-10,Beleza,381,93.93,35787.33
2023-10-10,Casa & Jardim,221,270.67,59818.07
2023-10-10,Eletrônicos,334,874.92,292223.28
2023-10-10,Esportes,143,297.7,42571.1
2023-10-10,Moda,466,193.48,90161.68
2023-10-11,Beleza,474,94.55,44816.7
2023-10-11,Casa & Jardim,172,264.85,45554.2
2023-10-11,Eletrônicos,445,900.17,400575.65
2023-10-11,Esportes,192,320.29,61495.68
2023-10-11,Moda,340,167.52,56956.8
2023-10-12,Beleza,431,101.51,43750.81
2023-10-12,Casa & Jardim,210,240.88,50584.8
2023-10-12,Eletrônicos,342,859.6,293983.2
2023-10-12,Esportes,181,336.24,60859.44
2023-10-12,Moda,428,176.41,75503.48
2023-10-13,Beleza,492,96.21,47335.32
2023-10-13,Casa & Jardim,231,245.36,56678.16
2023-10-13,Eletrônicos,444,811.33,360230.52
2023-10-13,Esportes,185,295.05,54584.25
2023-10-13,Moda,534,188.75,100792.5
2023-10-14,Beleza,617,92.65,57165.05
2023-10-14,Casa & Jardim,217,280.16,60794.72
2023-10-14,Eletrônicos,513,871.61,447135.93
2023-10-14,Esportes,229,330.0,75570.0
2023-10-14,Moda,475,171.94,81671.5
2023-10-15,Beleza,580,96.85,56173.0
2023-10-15,Casa & Jardim,259,247.67,64146.53
2023-10-15,Eletrônicos,532,796.5,423738.0
2023-10-15,Esportes,241,327.63,78958.83
2023-10-15,Moda,630,175.69,110684.7
2023-10-16,Beleza,446,92.73,41357.58
2023-10-16,Casa & Jardim,195,271.19,52882.05
2023-10-16,Eletrônicos,284,871.47,247497.48
2023-10-16,Esportes,118,312.33,36854.94
2023-10-16,Moda,404,176.24,71200.96
2023-10-17,Beleza,437,93.13,40697.81
2023-10-17,Casa & Jardim,239,240.07,57376.73
2023-10-17,Eletrônicos,313,900.42,281831.46
2023-10-17,Esportes,139,313.53,43580.67
2023-10-17,Moda,412,178.97,73735.64
2023-10-18,Beleza,392,91.21,35754.32
2023-10-18,Casa & Jardim,164,240.63,39463.32
2023-10-18,Eletrônicos,347,888.4,308274.8
2023-10-18,Esportes,141,305.37,43057.17
2023-10-18,Moda,497,186.01,92446.97
2023-10-19,Beleza,410,99.65,40856.5
2023-10-19,Casa & Jardim,250,276.03,69007.5
2023-10-19,Eletrônicos,419,901.48,377720.12
2023-10-19,Esportes,133,296.15,39387.95
2023-10-19,Moda,537,165.84,89056.08
2023-10-20,Beleza,452,95.06,42967.12
2023-10-20,Casa & Jardim,235,242.81,57060.35
2023-10-20,Eletrônicos,411,836.96,343990.56
2023-10-20,Esportes,229,310.77,71166.33
2023-10-20,Moda,563,179.54,101081.02
2023-10-21,Beleza,532,100.56,53497.92
2023-10-21,Casa & Jardim,306,255.34,78134.04
2023-10-21,Eletrônicos,514,891.87,458421.18
2023-10-21,Esportes,219,331.51,72600.69
2023-10-21,Moda,519,165.75,86024.25
2023-10-22,Beleza,552,92.82,51236.64
2023-10-22,Casa & Jardim,274,273.71,74996.54
2023-10-22,Eletrônicos,378,885.67,334783.26
2023-10-22,Esportes,225,330.14,74281.5
2023-10-22,Moda,629,181.39,114094.31
2023-10-23,Beleza,415,98.76,40985.4
2023-10-23,Casa & Jardim,177,278.23,49246.71
2023-10-23,Eletrônicos,315,893.23,281367.45
2023-10-23,Esportes,138,308.35,42552.3
2023-10-23,Moda,473,167.51,79232.23
2023-10-24,Beleza,476,101.99,48547.24
2023-10-24,Casa & Jardim,232,250.66,58153.12
2023-10-24,Eletrônicos,372,798.35,296986.2
2023-10-24,Esportes,139,336.99,46841.61
2023-10-24,Moda,445,188.12,83713.4
2023-10-25,Beleza,441,99.45,43857.45
2023-10-25,Casa & Jardim,240,271.04,65049.6
2023-10-25,Eletrônicos,327,826.14,270147.78
2023-10-25,Esportes,153,294.9,45119.7
2023-10-25,Moda,532,187.25,99617.0
2023-10-26,Beleza,436,88.01,38372.36
2023-10-26,Casa & Jardim,189,277.86,52515.54
2023-10-26,Eletrônicos,346,831.84,287816.64
2023-10-26,Esportes,166,301.57,50060.62
2023-10-26,Moda,466,169.64,79052.24
2023-10-27,Beleza,678,102.36,69400.08
2023-10-27,Casa & Jardim,260,269.92,70179.2
2023-10-27,Eletrônicos,473,834.84,394879.32
2023-10-27,Esportes,196,298.24,58455.04
2023-10-27,Moda,617,184.93,114101.81
2023-10-28,Beleza,506,97.53,49350.18
2023-10-28,Casa & Jardim,258,241.85,62397.3
2023-10-28,Eletrônicos,403,843.02,339737.06
2023-10-28,Esportes,165,342.7,56545.5
2023-10-28,Moda,705,170.49,120195.45
2023-10-29,Beleza,541,91.72,49620.52
2023-10-29,Casa & Jardim,227,251.87,57174.49
2023-10-29,Eletrônicos,407,812.91,330854.37
2023-10-29,Esportes,219,334.36,73224.84
2023-10-29,Moda,637,171.22,109067.14
2023-10-30,Beleza,516,94.18,48596.88
2023-10-30,Casa & Jardim,185,280.09,51816.65
2023-10-30,Eletrônicos,279,791.95,220954.05
2023-10-30,Esportes,145,333.08,48296.6
2023-10-30,Moda,452,191.76,86675.52
2023-10-31,Beleza,497,100.11,49754.67
2023-10-31,Casa & Jardim,230,279.83,64360.9
2023-10-31,Eletrônicos,385,866.25,333506.25
2023-10-31,Esportes,175,327.07,57237.25
2023-10-31,Moda,446,187.45,83602.7
2023-11-01,Beleza,660,95.57,63076.2
2023-11-01,Casa & Jardim,369,254.89,94054.41
2023-11-01,Eletrônicos,605,845.04,511249.2
2023-11-01,Esportes,288,326.59,94057.92
2023-11-01,Moda,876,191.21,167499.96
2023-11-02,Beleza,583,97.49,56836.67
2023-11-02,Casa & Jardim,331,275.37,91147.47
2023-11-02,Eletrônicos,623,852.6,531169.8
2023-11-02,Esportes,262,331.89,86955.18
2023-11-02,Moda,839,182.27,152924.53
2023-11-03,Beleza,758,97.22,73692.76
2023-11-03,Casa & Jardim,456,246.72,112504.32
2023-11-03,Eletrônicos,601,847.17,509149.17
2023-11-03,Esportes,287,334.18,95909.66
2023-11-03,Moda,736,179.25,131928.0
2023-11-04,Beleza,1079,89.69,96775.51
2023-11-04,Casa & Jardim,508,255.58,129834.64
2023-11-04,Eletrônicos,605,860.9,520844.5
2023-11-04,Esportes,315,298.69,94087.35
2023-11-04,Moda,999,186.23,186043.77
2023-11-05,Beleza,886,98.49,87262.14
2023-11-05,Casa & Jardim,396,264.5,104742.0
2023-11-05,Eletrônicos,577,854.57,493086.89
2023-11-05,Esportes,337,319.12,107543.44
2023-11-05,Moda,846,174.64,147745.44
2023-11-06,Beleza,729,87.71,63940.59
2023-11-06,Casa & Jardim,395,248.7,98236.5
2023-11-06,Eletrônicos,619,892.57,552500.83
2023-11-06,Esportes,280,317.12,88793.6
2023-11-06,Moda,646,172.56,111473.76
2023-11-07,Beleza,647,100.75,65185.25
2023-11-07,Casa & Jardim,300,241.63,72489.0
2023-11-07,Eletrônicos,542,879.66,476775.72
2023-11-07,Esportes,233,323.63,75405.79
2023-11-07,Moda,645,191.75,123678.75
2023-11-08,Beleza,580,95.41,55337.8
2023-11-08,Casa & Jardim,323,246.19,79519.37
2023-11-08,Eletrônicos,588,815.11,479284.68
2023-11-08,Esportes,229,325.9,74631.1
2023-11-08,Moda,603,180.2,108660.6
2023-11-09,Beleza,711,94.85,67438.35
2023-11-09,Casa & Jardim,273,253.96,69331.08
2023-11-09,Eletrônicos,574,908.08,521237.92
2023-11-09,Esportes,254,336.8,85547.2
2023-11-09,Moda,662,189.27,125296.74
2023-11-10,Beleza,885,89.22,78959.7
2023-11-10,Casa & Jardim,360,263.47,94849.2
2023-11-10,Eletrônicos,572,848.08,485101.76
2023-11-10,Esportes,297,324.79,96462.63
2023-11-10,Moda,1000,184.59,184590.0
2023-11-11,Beleza,855,101.07,86414.85
2023-11-11,Casa & Jardim,436,275.99,120331.64
2023-11-11,Eletrônicos,692,816.92,565308.64
2023-11-11,Esportes,286,302.81,86603.66
2023-11-11,Moda,881,185.54,163460.74
2023-11-12,Beleza,992,101.24,100430.08
2023-11-12,Casa & Jardim,452,266.85,120616.2
2023-11-12,Eletrônicos,625,891.21,557006.25
2023-11-12,Esportes,273,303.17,82765.41
2023-11-12,Moda,1038,173.2,179781.6
2023-11-13,Beleza,679,97.69,66331.51
2023-11-13,Casa & Jardim,285,256.64,73142.4
2023-11-13,Eletrônicos,460,855.33,393451.8
2023-11-13,Esportes,225,328.58,73930.5
2023-11-13,Moda,713,174.95,124739.35
2023-11-14,Beleza,710,99.23,70453.3
2023-11-14,Casa & Jardim,287,260.19,74674.53
2023-11-14,Eletrônicos,567,879.4,498619.8
2023-11-14,Esportes,281,298.91,83993.71
2023-11-14,Moda,721,173.36,124992.56
2023-11-15,Beleza,715,87.92,62862.8
2023-11-15,Casa & Jardim,406,239.51,97241.06
2023-11-15,Eletrônicos,445,819.08,364490.6
2023-11-15,Esportes,284,340.15,96602.6
2023-11-15,Moda,768,171.9,132019.2
2023-11-16,Beleza,635,94.96,60299.6
2023-11-16,Casa & Jardim,391,240.8,94152.8
2023-11-16,Eletrônicos,494,806.64,398480.16
2023-11-16,Esportes,210,318.07,66794.7
2023-11-16,Moda,659,182.74,120425.66
2023-11-17,Beleza,775,92.95,72036.25
2023-11-17,Casa & Jardim,452,254.52,115043.04
2023-11-17,Eletrônicos,611,874.63,534398.93
2023-11-17,Esportes,256,314.37,80478.72
2023-11-17,Moda,924,189.07,174700.68
2023-11-18,Beleza,883,93.97,82975.51
2023-11-18,Casa & Jardim,441,260.08,114695.28
2023-11-18,Eletrônicos,726,878.43,637740.18
2023-11-18,Esportes,359,334.41,120053.19
2023-11-18,Moda,822,188.01,154544.22
2023-11-19,Beleza,839,95.06,79755.34
2023-11-19,Casa & Jardim,454,277.05,125780.7
2023-11-19,Eletrônicos,601,796.54,478720.54
2023-11-19,Esportes,306,342.06,104670.36
2023-11-19,Moda,862,168.15,144945.3
2023-11-20,Beleza,694,90.18,62584.92
2023-11-20,Casa & Jardim,350,272.39,95336.5
2023-11-20,Eletrônicos,434,912.96,396224.64
2023-11-20,Esportes,254,308.46,78348.84
2023-11-20,Moda,750,185.73,139297.5
2023-11-21,Beleza,823,95.86,78892.78
2023-11-21,Casa & Jardim,383,275.16,105386.28
2023-11-21,Eletrônicos,536,847.76,454399.36
2023-11-21,Esportes,193,336.59,64961.87
2023-11-21,Moda,598,166.5,99567.0
2023-11-22,Beleza,2197,98.62,216668.14
2023-11-22,Casa & Jardim,777,255.26,198337.02
2023-11-22,Eletrônicos,1549,787.9,1220457.1
2023-11-22,Esportes,689,311.77,214809.53
2023-11-22,Moda,1583,173.08,273985.64
2023-11-23,Beleza,2311,93.98,217187.78
2023-11-23,Casa & Jardim,703,279.41,196425.23
2023-11-23,Eletrônicos,1836,868.11,1593849.96
2023-11-23,Esportes,704,310.92,218887.68
2023-11-23,Moda,2160,166.72,360115.2
2023-11-24,Beleza,2080,94.76,197100.8
2023-11-24,Casa & Jardim,1024,275.1,281702.4
2023-11-24,Eletrônicos,1787,893.41,1596523.67
2023-11-24,Esportes,903,325.59,294007.77
2023-11-24,Moda,1938,184.81,358161.78
2023-11-25,Beleza,2990,92.11,275408.9
2023-11-25,Casa & Jardim,1282,259.19,332281.58
2023-11-25,Eletrônicos,2148,902.25,1938033.0
2023-11-25,Esportes,964,338.08,325909.12
2023-11-25,Moda,2900,191.18,554422.0
2023-11-26,Beleza,3069,88.7,272220.3
2023-11-26,Casa & Jardim,1237,256.55,317352.35
2023-11-26,Eletrônicos,1820,865.09,1574463.8
2023-11-26,Esportes,919,317.47,291754.93
2023-11-26,Moda,2535,174.97,443548.95
2023-11-27,Beleza,1738,92.82,161321.16
2023-11-27,Casa & Jardim,835,275.71,230217.85
2023-11-27,Eletrônicos,1364,837.9,1142895.6
2023-11-27,Esportes,548,295.0,161660.0
2023-11-27,Moda,2041,172.77,352623.57
2023-11-28,Beleza,1925,96.41,185589.25
2023-11-28,Casa & Jardim,940,262.4,246656.0
2023-11-28,Eletrônicos,1229,888.15,1091536.35
2023-11-28,Esportes,823,324.71,267236.33
2023-11-28,Moda,1967,182.21,358407.07
2023-11-29,Beleza,730,87.54,63904.2
2023-11-29,Casa & Jardim,315,241.47,76063.05
2023-11-29,Eletrônicos,496,819.37,406407.52
2023-11-29,Esportes,267,332.1,88670.7
2023-11-29,Moda,784,190.31,149203.04
2023-11-30,Beleza,695,90.46,62869.7
2023-11-30,Casa & Jardim,345,251.3,86698.5
2023-11-30,Eletrônicos,538,872.79,469561.02
2023-11-30,Esportes,233,300.36,69983.88
2023-11-30,Moda,796,194.33,154686.68
2023-12-01,Beleza,902,91.38,82424.76
2023-12-01,Casa & Jardim,452,258.73,116945.96
2023-12-01,Eletrônicos,802,794.99,637581.98
2023-12-01,Esportes,319,324.94,103655.86
2023-12-01,Moda,811,166.25,134828.75
2023-12-02,Beleza,1076,88.42,95139.92
2023-12-02,Casa & Jardim,463,247.22,114462.86
2023-12-02,Eletrônicos,714,861.78,615310.92
2023-12-02,Esportes,344,316.4,108841.6
2023-12-02,Moda,1017,175.98,178971.66
2023-12-03,Beleza,976,98.35,95989.6
2023-12-03,Casa & Jardim,528,244.57,129132.96
2023-12-03,Eletrônicos,1005,804.85,808874.25
2023-12-03,Esportes,345,322.78,111359.1
2023-12-03,Moda,1072,174.61,187181.92
2023-12-04,Beleza,839,101.36,85041.04
2023-12-04,Casa & Jardim,403,258.82,104304.46
2023-12-04,Eletrônicos,625,811.48,507175.0
2023-12-04,Esportes,305,327.36,99844.8
2023-12-04,Moda,912,184.45,168218.4
2023-12-05,Beleza,619,95.26,58965.94
2023-12-05,Casa & Jardim,317,248.66,78825.22
2023-12-05,Eletrônicos,588,795.02,467471.76
2023-12-05,Esportes,228,311.44,71008.32
2023-12-05,Moda,799,187.55,149852.45
2023-12-06,Beleza,730,101.2,73876.0
2023-12-06,Casa & Jardim,345,278.3,96013.5
2023-12-06,Eletrônicos,596,864.56,515277.76
2023-12-06,Esportes,295,327.04,96476.8
2023-12-06,Moda,922,166.72,153715.84
2023-12-07,Beleza,855,101.19,86517.45
2023-12-07,Casa & Jardim,337,253.47,85419.39
2023-12-07,Eletrônicos,602,856.35,515522.7
2023-12-07,Esportes,325,322.74,104890.5
2023-12-07,Moda,850,181.83,154555.5
2023-12-08,Beleza,1765,89.26,157543.9
2023-12-08,Casa & Jardim,683,246.65,168461.95
2023-12-08,Eletrônicos,1035,862.85,893049.75
2023-12-08,Esportes,540,336.28,181591.2
2023-12-08,Moda,1672,183.59,306962.48
2023-12-09,Beleza,1849,93.63,173121.87
2023-12-09,Casa & Jardim,811,276.27,224054.97
2023-12-09,Eletrônicos,1074,849.56,912427.44
2023-12-09,Esportes,566,324.49,183661.34
2023-12-09,Moda,1728,182.33,315066.24
2023-12-10,Beleza,1624,94.73,153841.52
2023-12-10,Casa & Jardim,956,280.12,267794.72
2023-12-10,Eletrônicos,1130,840.24,949471.2
2023-12-10,Esportes,517,311.83,161216.11
2023-12-10,Moda,1870,194.13,363023.1
2023-12-11,Beleza,1174,92.33,108395.42
2023-12-11,Casa & Jardim,550,241.29,132709.5
2023-12-11,Eletrônicos,1130,879.59,993936.7
2023-12-11,Esportes,391,318.8,124650.8
2023-12-11,Moda,1179,185.97,219258.63
2023-12-12,Beleza,1113,101.77,113270.01
2023-12-12,Casa & Jardim,573,250.92,143777.16
2023-12-12,Eletrônicos,960,819.29,786518.4
2023-12-12,Esportes,416,302.87,125993.92
2023-12-12,Moda,1433,176.81,253368.73
2023-12-13,Beleza,1179,97.6,115070.4
2023-12-13,Casa & Jardim,552,246.87,136272.24
2023-12-13,Eletrônicos,1155,792.8,915684.0
2023-12-13,Esportes,345,344.46,118838.7
2023-12-13,Moda,1336,192.33,256952.88
2023-12-14,Beleza,1023,89.87,91937.01
2023-12-14,Casa & Jardim,572,258.66,147953.52
2023-12-14,Eletrônicos,916,812.83,744552.28
2023-12-14,Esportes,450,331.52,149184.0
2023-12-14,Moda,1099,192.36,211403.64
2023-12-15,Beleza,2033,100.58,204479.14
2023-12-15,Casa & Jardim,827,264.41,218667.07
2023-12-15,Eletrônicos,1135,830.28,942367.8
2023-12-15,Esportes,648,316.73,205241.04
2023-12-15,Moda,1774,171.7,304595.8
2023-12-16,Beleza,1870,96.92,181240.4
2023-12-16,Casa & Jardim,861,271.79,234011.19
2023-12-16,Eletrônicos,1472,791.2,1164646.4
2023-12-16,Esportes,561,309.82,173809.02
2023-12-16,Moda,1508,194.27,292959.16
2023-12-17,Beleza,1688,101.78,171804.64
2023-12-17,Casa & Jardim,884,239.64,211841.76
2023-12-17,Eletrônicos,1314,890.85,1170576.9
2023-12-17,Esportes,758,324.01,245599.58
2023-12-17,Moda,2057,182.68,375772.76
2023-12-18,Beleza,1450,89.42,129659.0
2023-12-18,Casa & Jardim,696,257.21,179018.16
2023-12-18,Eletrônicos,1106,901.69,997269.14
2023-12-18,Esportes,678,309.08,209556.24
2023-12-18,Moda,1583,167.14,264582.62
2023-12-19,Beleza,1227,101.59,124650.93
2023-12-19,Casa & Jardim,662,261.48,173099.76
2023-12-19,Eletrônicos,862,870.52,750388.24
2023-12-19,Esportes,470,313.19,147199.3
2023-12-19,Moda,1738,185.11,321721.18
2023-12-20,Beleza,1576,98.34,154983.84
2023-12-20,Casa & Jardim,510,276.12,140821.2
2023-12-20,Eletrônicos,866,827.29,716433.14
2023-12-20,Esportes,488,299.71,146258.48
2023-12-20,Moda,1370,176.35,241599.5
2023-12-21,Beleza,1337,94.13,125851.81
2023-12-21,Casa & Jardim,661,276.39,182693.79
2023-12-21,Eletrônicos,1190,873.05,1038929.5
2023-12-21,Esportes,510,336.02,171370.2
2023-12-21,Moda,1904,185.68,353534.72
2023-12-22,Beleza,1366,96.79,132215.14
2023-12-22,Casa & Jardim,684,277.76,189987.84
2023-12-22,Eletrônicos,1188,845.27,1004180.76
2023-12-22,Esportes,448,308.35,138140.8
2023-12-22,Moda,1286,184.28,236984.08
2023-12-23,Beleza,1377,102.03,140495.31
2023-12-23,Casa & Jardim,568,279.22,158596.96
2023-12-23,Eletrônicos,1168,790.18,922930.24
2023-12-23,Esportes,488,339.02,165441.76
2023-12-23,Moda,1344,183.92,247188.48
2023-12-24,Beleza,1451,100.93,146449.43
2023-12-24,Casa & Jardim,470,250.79,117871.3
2023-12-24,Eletrônicos,1169,805.84,942026.96
2023-12-24,Esportes,394,320.9,126434.6
2023-12-24,Moda,1363,182.86,249238.18
2023-12-25,Beleza,1157,95.28,110238.96
2023-12-25,Casa & Jardim,539,279.09,150429.51
2023-12-25,Eletrônicos,823,875.84,720816.32
2023-12-25,Esportes,364,313.96,114281.44
2023-12-25,Moda,1153,178.71,206052.63
2023-12-26,Beleza,951,94.42,89793.42
2023-12-26,Casa & Jardim,500,250.95,125475.0
2023-12-26,Eletrônicos,804,795.15,639300.6
2023-12-26,Esportes,319,345.45,110198.55
2023-12-26,Moda,937,184.83,173185.71
2023-12-27,Beleza,1180,98.49,116218.2
2023-12-27,Casa & Jardim,451,250.81,113115.31
2023-12-27,Eletrônicos,704,843.25,593648.0
2023-12-27,Esportes,387,316.19,122365.53
2023-12-27,Moda,1059,166.15,175952.85
2023-12-28,Beleza,903,93.65,84565.95
2023-12-28,Casa & Jardim,539,242.64,130782.96
2023-12-28,Eletrônicos,789,872.43,688347.27
2023-12-28,Esportes,459,313.03,143680.77
2023-12-28,Moda,1187,188.04,223203.48
2023-12-29,Beleza,1069,98.21,104986.49
2023-12-29,Casa & Jardim,398,245.63,97760.74
2023-12-29,Eletrônicos,807,890.18,718375.26
2023-12-29,Esportes,282,337.06,95050.92
2023-12-29,Moda,1107,189.74,210042.18
2023-12-30,Beleza,1149,88.19,101330.31
2023-12-30,Casa & Jardim,520,249.97,129984.4
2023-12-30,Eletrônicos,697,916.98,639135.06
2023-12-30,Esportes,447,299.9,134055.3
2023-12-30,Moda,1163,188.72,219481.36
2023-12-31,Beleza,994,91.39,90841.66
2023-12-31,Casa & Jardim,342,252.36,86307.12
2023-12-31,Eletrônicos,753,908.07,683776.71
2023-12-31,Esportes,340,337.72,114824.8
2023-12-31,Moda,1038,179.67,186497.46
2024-01-01,Beleza,201,91.07,18305.07
2024-01-01,Casa & Jardim,81,279.41,22632.21
2024-01-01,Eletrônicos,157,852.85,133897.45
2024-01-01,Esportes,55,301.84,16601.2
2024-01-01,Moda,191,177.17,33839.47
2024-01-02,Beleza,191,93.15,17791.65
2024-01-02,Casa & Jardim,75,278.5,20887.5
2024-01-02,Eletrônicos,133,866.81,115285.73
2024-01-02,Esportes,64,310.59,19877.76
2024-01-02,Moda,178,173.58,30897.24
2024-01-03,Beleza,178,98.8,17586.4
2024-01-03,Casa & Jardim,94,277.04,26041.76
2024-01-03,Eletrônicos,142,799.37,113510.54
2024-01-03,Esportes,59,314.74,18569.66
2024-01-03,Moda,159,192.13,30548.67
2024-01-04,Beleza,184,102.47,18854.48
2024-01-04,Casa & Jardim,70,239.46,16762.2
2024-01-04,Eletrônicos,138,894.35,123420.3
2024-01-04,Esportes,65,323.65,21037.25
2024-01-04,Moda,234,175.82,41141.88
2024-01-05,Beleza,187,99.11,18533.57
2024-01-05,Casa & Jardim,100,239.79,23979.0
2024-01-05,Eletrônicos,176,786.92,138497.92
2024-01-05,Esportes,74,336.34,24889.16
2024-01-05,Moda,258,167.1,43111.8
2024-01-06,Beleza,240,90.95,21828.0
2024-01-06,Casa & Jardim,122,249.92,30490.24
2024-01-06,Eletrônicos,208,823.23,171231.84
2024-01-06,Esportes,91,322.41,29339.31
2024-01-06,Moda,242,168.04,40665.68
2024-01-07,Beleza,197,93.63,18445.11
2024-01-07,Casa & Jardim,140,269.7,37758.0
2024-01-07,Eletrônicos,166,793.92,131790.72
2024-01-07,Esportes,82,323.87,26557.34
2024-01-07,Moda,228,183.08,41742.24
2024-01-08,Beleza,347,90.87,31531.89
2024-01-08,Casa & Jardim,144,280.61,40407.84
2024-01-08,Eletrônicos,211,909.43,191889.73
2024-01-08,Esportes,110,343.07,37737.7
2024-01-08,Moda,285,190.45,54278.25
2024-01-09,Beleza,336,101.42,34077.12
2024-01-09,Casa & Jardim,153,261.39,39992.67
2024-01-09,Eletrônicos,191,835.99,159674.09
2024-01-09,Esportes,103,305.67,31484.01
2024-01-09,Moda,339,191.12,64789.68
2024-01-10,Beleza,266,95.03,25277.98
2024-01-10,Casa & Jardim,125,256.07,32008.75
2024-01-10,Eletrônicos,269,842.82,226718.58
2024-01-10,Esportes,122,304.7,37173.4
2024-01-10,Moda,360,173.85,62586.0
2024-01-11,Beleza,397,96.6,38350.2
2024-01-11,Casa & Jardim,161,264.3,42552.3
2024-01-11,Eletrônicos,274,907.04,248528.96
2024-01-11,Esportes,111,320.22,35544.42
2024-01-11,Moda,313,188.72,59069.36
2024-01-12,Beleza,353,95.07,33559.71
2024-01-12,Casa & Jardim,209,248.65,51967.85
2024-01-12,Eletrônicos,398,849.59,338136.82
2024-01-12,Esportes,158,318.17,50270.86
2024-01-12,Moda,401,193.63,77645.63
2024-01-13,Beleza,613,90.08,55219.04
2024-01-13,Casa & Jardim,260,260.63,67763.8
2024-01-13,Eletrônicos,341,833.76,284312.16
2024-01-13,Esportes,154,295.96,45577.84
2024-01-13,Moda,491,178.99,87884.09
2024-01-14,Beleza,439,89.39,39242.21
2024-01-14,Casa & Jardim,215,280.4,60286.0
2024-01-14,Eletrônicos,328,901.4,295659.2
2024-01-14,Esportes,123,301.15,37041.45
2024-01-14,Moda,411,193.69,79606.59
2024-01-15,Beleza,376,99.05,37242.8
2024-01-15,Casa & Jardim,126,271.32,34186.32
2024-01-15,Eletrônicos,256,889.44,227696.64
2024-01-15,Esportes,117,316.05,36977.85
2024-01-15,Moda,319,189.13,60332.47
2024-01-16,Beleza,276,95.28,26297.28
2024-01-16,Casa & Jardim,173,246.29,42608.17
2024-01-16,Eletrônicos,249,823.44,205036.56
2024-01-16,Esportes,115,320.88,36901.2
2024-01-16,Moda,307,167.65,51468.55
2024-01-17,Beleza,314,89.11,27980.54
2024-01-17,Casa & Jardim,129,257.16,33173.64
2024-01-17,Eletrônicos,248,805.6,199788.8
2024-01-17,Esportes,135,334.55,45164.25
2024-01-17,Moda,305,171.67,52359.35
2024-01-18,Beleza,316,93.22,29457.52
2024-01-18,Casa & Jardim,140,271.72,38040.8
2024-01-18,Eletrônicos,239,876.51,209485.89
2024-01-18,Esportes,109,333.48,36349.32
2024-01-18,Moda,338,173.33,58585.54
2024-01-19,Beleza,320,99.48,31833.6
2024-01-19,Casa & Jardim,217,263.18,57110.06
2024-01-19,Eletrônicos,297,869.17,258143.49
2024-01-19,Esportes,121,311.7,37715.7
2024-01-19,Moda,323,168.51,54428.73
2024-01-20,Beleza,376,91.46,34388.96
2024-01-20,Casa & Jardim,206,253.43,52206.58
2024-01-20,Eletrônicos,338,893.86,302124.68
2024-01-20,Esportes,166,318.46,52864.36
2024-01-20,Moda,432,193.62,83643.84
2024-01-21,Beleza,422,95.14,40149.08
2024-01-21,Casa & Jardim,191,248.53,47469.23
2024-01-21,Eletrônicos,332,864.45,286997.4
2024-01-21,Esportes,174,311.26,54159.24
2024-01-21,Moda,425,187.47,79674.75
2024-01-22,Beleza,334,96.0,32064.0
2024-01-22,Casa & Jardim,166,260.19,43191.54
2024-01-22,Eletrônicos,274,886.01,242766.74
2024-01-22,Esportes,102,301.48,30750.96
2024-01-22,Moda,324,173.62,56252.88
2024-01-23,Beleza,273,98.26,26824.98
2024-01-23,Casa & Jardim,150,257.73,38659.5
2024-01-23,Eletrônicos,240,836.22,200692.8
2024-01-23,Esportes,112,305.97,34268.64
2024-01-23,Moda,334,188.59,62989.06
2024-01-24,Beleza,313,101.01,31616.13
2024-01-24,Casa & Jardim,203,279.43,56724.29
2024-01-24,Eletrônicos,217,801.91,174014.47
2024-01-24,Esportes,114,325.74,37134.36
2024-01-24,Moda,289,172.3,49794.7
2024-01-25,Beleza,310,102.18,31675.8
2024-01-25,Casa & Jardim,184,245.0,45080.0
2024-01-25,Eletrônicos,244,785.51,191664.44
2024-01-25,Esportes,109,319.38,34812.42
2024-01-25,Moda,305,169.33,51645.65
2024-01-26,Beleza,379,87.54,33177.66
2024-01-26,Casa & Jardim,187,262.88,49158.56
2024-01-26,Eletrônicos,290,800.38,232110.2
2024-01-26,Esportes,133,330.35,43936.55
2024-01-26,Moda,355,185.01,65678.55
2024-01-27,Beleza,472,94.12,44424.64
2024-01-27,Casa & Jardim,214,269.07,57580.98
2024-01-27,Eletrônicos,341,913.35,311452.35
2024-01-27,Esportes,175,309.19,54108.25
2024-01-27,Moda,381,167.4,63779.4
2024-01-28,Beleza,434,92.55,40166.7
2024-01-28,Casa & Jardim,232,254.68,59085.76
2024-01-28,Eletrônicos,355,840.82,298491.1
2024-01-28,Esportes,152,298.82,45420.64
2024-01-28,Moda,471,169.83,79989.93
2024-01-29,Beleza,299,94.6,28285.4
2024-01-29,Casa & Jardim,151,255.61,38597.11
2024-01-29,Eletrônicos,250,841.77,210442.5
2024-01-29,Esportes,110,323.91,35630.1
2024-01-29,Moda,306,175.47,53693.82
2024-01-30,Beleza,349,97.46,34013.54
2024-01-30,Casa & Jardim,133,275.27,36610.91
2024-01-30,Eletrônicos,189,796.37,150513.93
2024-01-30,Esportes,117,334.95,39189.15
2024-01-30,Moda,314,174.31,54733.34
2024-01-31,Beleza,341,94.0,32054.0
2024-01-31,Casa & Jardim,171,279.41,47779.11
2024-01-31,Eletrônicos,220,866.26,190577.2
2024-01-31,Esportes,133,301.33,40076.89
2024-01-31,Moda,302,181.83,54912.66
2024-02-01,Beleza,195,91.72,17885.4
2024-02-01,Casa & Jardim,88,257.65,22673.2
2024-02-01,Eletrônicos,160,870.43,139268.8
2024-02-01,Esportes,60,309.31,18558.6
2024-02-01,Moda,187,182.32,34093.84
2024-02-02,Beleza,192,88.12,16919.04
2024-02-02,Casa & Jardim,107,267.81,28655.67
2024-02-02,Eletrônicos,164,789.91,129545.24
2024-02-02,Esportes,79,305.8,24158.2
2024-02-02,Moda,229,180.16,41256.64
2024-02-03,Beleza,276,89.88,24806.88
2024-02-03,Casa & Jardim,93,250.58,23303.94
2024-02-03,Eletrônicos,230,917.3,210979.0
2024-02-03,Esportes,83,331.13,27483.79
2024-02-03,Moda,263,173.48,45625.24
2024-02-04,Beleza,257,99.75,25635.75
2024-02-04,Casa & Jardim,114,253.9,28944.6
2024-02-04,Eletrônicos,192,915.78,175829.76
2024-02-04,Esportes,86,322.05,27696.3
2024-02-04,Moda,220,179.65,39523.0
2024-02-05,Beleza,193,92.27,17808.11
2024-02-05,Casa & Jardim,81,252.33,20438.73
2024-02-05,Eletrônicos,135,814.53,109961.55
2024-02-05,Esportes,69,318.0,21942.0
2024-02-05,Moda,183,174.43,31920.69
2024-02-06,Beleza,171,95.8,16381.8
2024-02-06,Casa & Jardim,65,247.2,16068.0
2024-02-06,Eletrônicos,126,876.13,110392.38
2024-02-06,Esportes,59,325.26,19190.34
2024-02-06,Moda,162,189.28,30663.36
2024-02-07,Beleza,177,91.3,16160.1
2024-02-07,Casa & Jardim,87,252.07,21930.09
2024-02-07,Eletrônicos,139,790.47,109875.33
2024-02-07,Esportes,51,344.88,17588.88
2024-02-07,Moda,187,178.8,33435.6
2024-02-08,Beleza,396,90.29,35754.84
2024-02-08,Casa & Jardim,151,257.7,38912.7
2024-02-08,Eletrônicos,253,892.7,225853.1
2024-02-08,Esportes,111,328.06,36414.66
2024-02-08,Moda,302,186.48,56316.96
2024-02-09,Beleza,345,94.77,32695.65
2024-02-09,Casa & Jardim,180,263.18,47372.4
2024-02-09,Eletrônicos,281,865.67,243253.27
2024-02-09,Esportes,143,340.23,48652.89
2024-02-09,Moda,459,187.98,86282.82
2024-02-10,Beleza,359,92.8,33315.2
2024-02-10,Casa & Jardim,227,264.46,60032.42
2024-02-10,Eletrônicos,360,853.68,307324.8
2024-02-10,Esportes,154,315.69,48616.26
2024-02-10,Moda,465,190.43,88549.95
2024-02-11,Beleza,416,97.15,40414.4
2024-02-11,Casa & Jardim,218,242.88,52947.84
2024-02-11,Eletrônicos,264,839.95,221746.8
2024-02-11,Esportes,141,325.18,45850.38
2024-02-11,Moda,434,189.8,82373.2
2024-02-12,Beleza,303,87.76,26591.28
2024-02-12,Casa & Jardim,137,264.0,36168.0
2024-02-12,Eletrônicos,200,832.02,166404.0
2024-02-12,Esportes,108,306.92,33147.36
2024-02-12,Moda,245,194.1,47554.5
2024-02-13,Beleza,333,91.98,30629.34
2024-02-13,Casa & Jardim,143,269.97,38605.71
2024-02-13,Eletrônicos,221,838.32,185268.72
2024-02-13,Esportes,104,332.6,34590.4
2024-02-13,Moda,289,171.22,49482.58
2024-02-14,Beleza,305,88.84,27096.2
2024-02-14,Casa & Jardim,157,240.46,37752.22
2024-02-14,Eletrônicos,257,886.63,227863.91
2024-02-14,Esportes,88,334.16,29406.08
2024-02-14,Moda,350,179.69,62891.5
2024-02-15,Beleza,346,96.07,33240.22
2024-02-15,Casa & Jardim,145,274.3,39773.5
2024-02-15,Eletrônicos,273,783.5,213895.5
2024-02-15,Esportes,115,322.67,37107.05
2024-02-15,Moda,325,179.52,58344.0
2024-02-16,Beleza,432,88.21,38106.72
2024-02-16,Casa & Jardim,144,244.77,35246.88
2024-02-16,Eletrônicos,262,784.61,205567.82
2024-02-16,Esportes,109,319.04,34775.36
2024-02-16,Moda,453,189.74,85952.22
2024-02-17,Beleza,434,90.56,39303.04
2024-02-17,Casa & Jardim,193,278.86,53819.98
2024-02-17,Eletrônicos,235,817.33,192072.55
2024-02-17,Esportes,167,326.01,54443.67
2024-02-17,Moda,473,177.32,83872.36
2024-02-18,Beleza,364,95.06,34601.84
2024-02-18,Casa & Jardim,225,261.86,58918.5
2024-02-18,Eletrônicos,296,854.8,253020.8
2024-02-18,Esportes,123,343.64,42267.72
2024-02-18,Moda,397,175.05,69494.85
2024-02-19,Beleza,247,101.82,25149.54
2024-02-19,Casa & Jardim,120,244.43,29331.6
2024-02-19,Eletrônicos,247,811.27,200383.69
2024-02-19,Esportes,102,320.59,32700.18
2024-02-19,Moda,373,169.23,63122.79
2024-02-20,Beleza,309,100.21,30964.89
2024-02-20,Casa & Jardim,124,248.08,30761.92
2024-02-20,Eletrônicos,227,796.92,180900.84
2024-02-20,Esportes,96,312.58,30007.68
2024-02-20,Moda,289,171.26,49494.14
2024-02-21,Beleza,299,89.01,26613.99
2024-02-21,Casa & Jardim,135,256.3,34600.5
2024-02-21,Eletrônicos,259,856.52,221838.68
2024-02-21,Esportes,132,315.25,41613.0
2024-02-21,Moda,398,179.7,71520.6
2024-02-22,Beleza,331,94.89,31408.59
2024-02-22,Casa & Jardim,136,254.45,34605.2
2024-02-22,Eletrônicos,288,795.34,229057.92
2024-02-22,Esportes,129,322.23,41567.67
2024-02-22,Moda,397,184.17,73115.49
2024-02-23,Beleza,363,92.93,33733.59
2024-02-23,Casa & Jardim,188,255.46,48026.48
2024-02-23,Eletrônicos,276,848.4,234158.4
2024-02-23,Esportes,97,319.85,31025.45
2024-02-23,Moda,382,176.32,67354.24
2024-02-24,Beleza,360,97.12,34963.2
2024-02-24,Casa & Jardim,183,242.03,44291.49
2024-02-24,Eletrônicos,305,882.28,269095.4
2024-02-24,Esportes,146,303.06,44246.76
2024-02-24,Moda,352,184.66,65000.32
2024-02-25,Beleza,401,91.58,36723.58
2024-02-25,Casa & Jardim,212,252.38,53504.56
2024-02-25,Eletrônicos,285,846.74,241320.9
2024-02-25,Esportes,125,300.86,37607.5
2024-02-25,Moda,426,170.94,72820.44
2024-02-26,Beleza,270,100.89,27240.3
2024-02-26,Casa & Jardim,146,271.55,39646.3
2024-02-26,Eletrônicos,200,844.48,168896.0
2024-02-26,Esportes,109,328.17,35770.53
2024-02-26,Moda,271,173.62,47051.02
2024-02-27,Beleza,278,99.4,27633.2
2024-02-27,Casa & Jardim,113,274.91,31064.83
2024-02-27,Eletrônicos,188,888.76,167086.88
2024-02-27,Esportes,112,314.97,35276.64
2024-02-27,Moda,278,189.38,52647.64
2024-02-28,Beleza,347,87.87,30490.89
2024-02-28,Casa & Jardim,141,267.79,37758.39
2024-02-28,Eletrônicos,223,875.59,195256.57
2024-02-28,Esportes,113,333.78,37717.14
2024-02-28,Moda,297,173.83,51627.51
2024-02-29,Beleza,325,92.01,29903.25
2024-02-29,Casa & Jardim,173,252.21,43632.33
2024-02-29,Eletrônicos,283,841.51,238147.33
2024-02-29,Esportes,123,313.27,38532.21
2024-02-29,Moda,286,176.39,50447.54
2024-03-01,Beleza,487,92.91,45247.17
2024-03-01,Casa & Jardim,221,239.61,52953.81
2024-03-01,Eletrônicos,383,787.23,301509.09
2024-03-01,Esportes,155,308.27,47781.85
2024-03-01,Moda,474,188.57,89382.18
2024-03-02,Beleza,530,94.13,49888.9
2024-03-02,Casa & Jardim,238,256.22,60980.36
2024-03-02,Eletrônicos,380,904.64,343763.2
2024-03-02,Esportes,189,309.02,58404.78
2024-03-02,Moda,484,181.64,87913.76
2024-03-03,Beleza,495,101.82,50400.9
2024-03-03,Casa & Jardim,282,271.08,76444.56
2024-03-03,Eletrônicos,514,871.67,448038.38
2024-03-03,Esportes,195,296.03,57725.85
2024-03-03,Moda,505,189.94,95919.7
2024-03-04,Beleza,393,94.73,37228.89
2024-03-04,Casa & Jardim,159,251.85,40044.15
2024-03-04,Eletrônicos,275,903.74,248528.5
2024-03-04,Esportes,127,298.3,37884.1
2024-03-04,Moda,363,184.98,67147.74
2024-03-05,Beleza,305,98.08,29914.4
2024-03-05,Casa & Jardim,163,257.77,42016.51
2024-03-05,Eletrônicos,334,791.06,264214.04
2024-03-05,Esportes,117,306.27,35833.59
2024-03-05,Moda,396,171.95,68092.2
2024-03-06,Beleza,427,90.27,38545.29
2024-03-06,Casa & Jardim,207,269.44,55774.08
2024-03-06,Eletrônicos,365,852.5,311162.5
2024-03-06,Esportes,127,335.25,42576.75
2024-03-06,Moda,416,172.79,71880.64
2024-03-07,Beleza,367,96.12,35276.04
2024-03-07,Casa & Jardim,208,264.56,55028.48
2024-03-07,Eletrônicos,331,851.66,281899.46
2024-03-07,Esportes,140,316.38,44293.2
2024-03-07,Moda,394,173.18,68232.92
2024-03-08,Beleza,484,101.72,49232.48
2024-03-08,Casa & Jardim,189,277.27,52404.03
2024-03-08,Eletrônicos,326,874.51,285090.26
2024-03-08,Esportes,160,315.28,50444.8
2024-03-08,Moda,493,187.21,92294.53
2024-03-09,Beleza,502,95.28,47830.56
2024-03-09,Casa & Jardim,262,262.84,68864.08
2024-03-09,Eletrônicos,387,791.69,306384.03
2024-03-09,Esportes,190,330.35,62766.5
2024-03-09,Moda,612,169.98,104027.76
2024-03-10,Beleza,445,88.16,39231.2
2024-03-10,Casa & Jardim,226,250.63,56642.38
2024-03-10,Eletrônicos,406,783.65,318161.9
2024-03-10,Esportes,165,331.31,54666.15
2024-03-10,Moda,404,168.3,67993.2
2024-03-11,Beleza,354,91.48,32383.92
2024-03-11,Casa & Jardim,142,263.3,37388.6
2024-03-11,Eletrônicos,252,829.56,209049.12
2024-03-11,Esportes,146,342.82,50051.72
2024-03-11,Moda,361,179.6,64835.6
2024-03-12,Beleza,393,101.75,39987.75
2024-03-12,Casa & Jardim,169,276.18,46674.42
2024-03-12,Eletrônicos,255,887.35,226274.25
2024-03-12,Esportes,161,317.08,51049.88
2024-03-12,Moda,334,172.46,57601.64
2024-03-13,Beleza,506,93.42,47270.52
2024-03-13,Casa & Jardim,235,260.78,61283.3
2024-03-13,Eletrônicos,267,805.68,215116.56
2024-03-13,Esportes,128,342.16,43796.48
2024-03-13,Moda,366,191.76,70184.16
2024-03-14,Beleza,402,95.19,38266.38
2024-03-14,Casa & Jardim,217,241.33,52368.61
2024-03-14,Eletrônicos,334,795.38,265656.92
2024-03-14,Esportes,190,298.3,56677.0
2024-03-14,Moda,313,187.5,58687.5
2024-03-15,Beleza,580,91.47,53052.6
2024-03-15,Casa & Jardim,216,252.11,54455.76
2024-03-15,Eletrônicos,408,818.05,333764.4
2024-03-15,Esportes,203,334.95,67994.85
2024-03-15,Moda,358,170.05,60877.9
2024-03-16,Beleza,432,98.14,42396.48
2024-03-16,Casa & Jardim,205,246.76,50585.8
2024-03-16,Eletrônicos,441,784.85,346118.85
2024-03-16,Esportes,183,324.25,59337.75
2024-03-16,Moda,380,182.79,69460.2
2024-03-17,Beleza,382,101.7,38849.4
2024-03-17,Casa & Jardim,191,249.94,47738.54
2024-03-17,Eletrônicos,449,866.95,389260.55
2024-03-17,Esportes,177,295.6,52321.2
2024-03-17,Moda,489,194.39,95056.71
2024-03-18,Beleza,372,94.94,35317.68
2024-03-18,Casa & Jardim,183,258.5,47305.5
2024-03-18,Eletrônicos,271,833.94,225997.74
2024-03-18,Esportes,124,311.27,38597.48
2024-03-18,Moda,364,189.43,68952.52
2024-03-19,Beleza,368,95.68,35210.24
2024-03-19,Casa & Jardim,185,243.62,45069.7
2024-03-19,Eletrônicos,276,865.64,238916.64
2024-03-19,Esportes,144,337.74,48634.56
2024-03-19,Moda,442,170.52,75369.84
2024-03-20,Beleza,419,102.37,42893.03
2024-03-20,Casa & Jardim,203,271.48,55110.44
2024-03-20,Eletrônicos,295,887.35,261768.25
2024-03-20,Esportes,139,300.93,41829.27
2024-03-20,Moda,403,183.32,73877.96
2024-03-21,Beleza,377,101.78,38371.06
2024-03-21,Casa & Jardim,207,243.94,50495.58
2024-03-21,Eletrônicos,332,787.71,261519.72
2024-03-21,Esportes,145,321.64,46637.8
2024-03-21,Moda,317,191.83,60810.11
2024-03-22,Beleza,477,98.11,46798.47
2024-03-22,Casa & Jardim,236,265.99,62773.64
2024-03-22,Eletrônicos,460,913.71,420306.6
2024-03-22,Esportes,145,308.04,44665.8
2024-03-22,Moda,492,167.05,82188.6
2024-03-23,Beleza,512,94.3,48281.6
2024-03-23,Casa & Jardim,257,266.09,68385.13
2024-03-23,Eletrônicos,375,915.28,343230.0
2024-03-23,Esportes,204,314.06,64068.24
2024-03-23,Moda,847,166.61,141118.67
2024-03-24,Beleza,597,94.7,56535.9
2024-03-24,Casa & Jardim,282,258.27,72832.14
2024-03-24,Eletrônicos,446,863.86,385281.56
2024-03-24,Esportes,175,332.13,58122.75
2024-03-24,Moda,405,189.77,76856.85
2024-03-25,Beleza,393,93.07,36576.51
2024-03-25,Casa & Jardim,171,265.78,45448.38
2024-03-25,Eletrônicos,357,892.4,318586.8
2024-03-25,Esportes,118,341.91,40345.38
2024-03-25,Moda,477,170.23,81199.71
2024-03-26,Beleza,516,90.27,46579.32
2024-03-26,Casa & Jardim,177,242.59,42938.43
2024-03-26,Eletrônicos,305,871.28,265740.4
2024-03-26,Esportes,129,317.65,40976.85
2024-03-26,Moda,373,172.44,64320.12
2024-03-27,Beleza,384,101.09,38818.56
2024-03-27,Casa & Jardim,151,261.89,39545.39
2024-03-27,Eletrônicos,291,908.22,264292.02
2024-03-27,Esportes,125,295.37,36921.25
2024-03-27,Moda,377,167.03,62970.31
2024-03-28,Beleza,466,88.91,41432.06
2024-03-28,Casa & Jardim,180,244.75,44055.0
2024-03-28,Eletrônicos,284,812.55,230764.2
2024-03-28,Esportes,167,299.55,50024.85
2024-03-28,Moda,383,183.12,70134.96
2024-03-29,Beleza,549,96.58,53022.42
2024-03-29,Casa & Jardim,245,246.0,60270.0
2024-03-29,Eletrônicos,313,841.76,263470.88
2024-03-29,Esportes,203,311.54,63242.62
2024-03-29,Moda,482,173.69,83718.58
2024-03-30,Beleza,394,96.35,37961.9
2024-03-30,Casa & Jardim,269,243.54,65512.26
2024-03-30,Eletrônicos,321,865.36,277780.56
2024-03-30,Esportes,183,330.01,60391.83
2024-03-30,Moda,503,188.68,94906.04
2024-03-31,Beleza,563,88.76,49971.88
2024-03-31,Casa & Jardim,184,243.64,44829.76
2024-03-31,Eletrônicos,389,902.62,351119.18
2024-03-31,Esportes,205,319.62,65522.1
2024-03-31,Moda,454,176.89,80308.06
